,Actual,Predicted_RF,Predicted_DT,Predicted_KNN,Predicted_Linear
0,1.7536336447611955,0.4504102803391497,0.746036984495874,0.6054870765569532,0.8602807108571575
1,-0.06584675046734327,-0.24756160361759666,-0.1977254484464662,-0.23243467245451824,-0.0022497987911996595
2,-0.4511998345292955,-0.4648324806762779,-0.4692904934854673,-0.47303096548154155,-0.5641379611119991
3,-0.5624973549906206,-0.5226574499206351,-0.5225213319742561,-0.5285243408228537,-0.6216770876368044
4,-0.456501751229778,-0.4796949106658782,-0.48208378861230294,-0.3457328377944362,-0.44454705862861515
5,-0.4210316505806269,-0.41795149993910613,-0.41952794331334714,-0.4085488706423369,-0.4410896215364333
6,0.5089424514094465,-0.19939226274500732,-0.4727413935079408,-0.37562161229824587,0.009033023879297736
7,-0.09023664436110022,0.39087798894680126,0.7029661160902791,0.447104646552231,0.41083352906434234
8,-0.5435149308080497,-0.5444644269122051,-0.5436937839863691,-0.5302343813545906,-0.616442981968063
9,-0.454790214033685,-0.26018785270105765,-0.22293670357049075,-0.3263687099938686,-0.1526054023599611
10,-0.469599934856047,-0.42233529400514996,-0.3612244165152205,-0.32903473357734375,-0.3251865172465342
11,-0.17847006264686915,1.022426803402154,1.0101242592571293,0.5905424874225502,1.0111705193818172
12,0.010785337950663137,-0.12636458437109438,0.04026641565184937,-0.2533389489995739,-0.009009974819171079
13,-0.5560862148847149,-0.4944140975766553,-0.3361066065821941,-0.43817862706865146,-0.4092735811954205
14,-0.30397489397278493,-0.3270144769273262,-0.46117681229526536,-0.3643098646505997,-0.5871658397388118
15,-0.5624973549906206,-0.562619870401368,-0.5594970723914903,-0.5563456273873508,-0.6847540258975328
16,-0.5610933153074272,-0.5480282796318563,-0.5234038702878149,-0.5446570175867296,-0.6991047497292133
17,-0.34626038275607945,0.7921287939666246,0.7243514468803617,0.7508662996866287,0.6394024809077548
18,0.6380639863810267,0.3788582917969454,0.23806773650552374,0.4228852447517868,0.3392188716083446
19,-0.5318222101380775,-0.13058910498050216,0.02056750681337491,-0.1519992006702434,-0.29754345555254563
20,-0.3313092385941213,-0.365041215409787,-0.39446279395088907,-0.30491049751978455,-0.04296030763791063
21,-0.5163873133994282,-0.5182587029690717,-0.5292832511999164,-0.49020133905972996,-0.32604760637720315
22,1.2899872368904148,0.9196931871822492,0.4012035432532862,1.1221925785614495,1.294788449666536
23,0.9342198975207899,0.055023033866218096,0.8853524373923277,0.0878832697060778,-0.006278221643765886
24,-0.20951575857525334,-0.29898462185255004,-0.20973581347972511,-0.29423355763796394,-0.1930618180033245
25,1.0109704830413737,1.7539283959017817,1.6547880906480246,1.7801909484283003,2.1319078118377863
26,-0.5567273288953055,-0.5317852329492004,-0.5332474065836204,-0.5521110817440009,-0.5928849848734266
27,1.1082264847212466,0.6120910903478736,0.06755289341892702,0.591621464256209,1.048274759190352
28,-0.5419817066517223,-0.5398827380350779,-0.5426638994014275,-0.5496974024876258,-0.6822516124778188
29,-0.5519519398983007,-0.5393743750523304,-0.5554116090782112,-0.5000604365604748,-0.4351131922978685
30,-0.43687817456977585,-0.43899933807069064,-0.23819855402097148,-0.4116689559086065,-0.33409124744011814
31,0.376079266082678,-0.045461481915910845,-0.5253127423763675,-0.22251892512628085,-0.24183500542271344
32,-0.5349359341978732,-0.5352908670725125,-0.5324061457545195,-0.537028060124326,-0.6465436021208433
33,-0.5570799416011303,-0.5570203673707292,-0.5567319413544373,-0.5578918016287644,-0.7136684125422252
34,-0.3168634589621513,-0.06077239343440302,0.3698918606619601,0.0015245172908900258,0.043426864345076255
35,-0.48028130458545265,-0.4336884960641122,-0.4914476376811523,-0.45502342723814415,-0.14364392236817058
36,0.5778984625452317,0.3058180604053623,0.09433787385572842,0.3665355368842463,0.6206390972050979
37,-0.5510214142010494,-0.4877060841187874,-0.5629534178531943,-0.4784445332759197,-0.5922849186255039
38,-0.560864411961086,-0.462897056010874,0.050230584814706325,-0.4563275162874156,-0.43911155091036935
39,-0.4835505757264978,-0.512273018319078,-0.5438954319733352,-0.5537283981766731,-0.6997921453603466
40,-0.20247887196159092,-0.28168720422197424,-0.3281465641973891,-0.3239964812902176,-0.4364286740046294
41,0.035502706469889636,-0.07620706998244532,-0.15878231688554703,-0.04872187489786745,0.15740487271830328
42,-0.35067573494701676,-0.2097389205436788,-0.31805916315234034,-0.08432003689330572,0.32850734645994484
43,1.3561650830395473,1.457518637560811,0.9854921923308275,2.0582067785398532,2.5070832851145832
44,-0.18103451868923143,-0.3595401286840863,-0.14374871477659343,-0.38970392330454456,-0.4298489897723677
45,-0.17957708703123607,-0.3295585274406953,-0.4659275696919832,-0.3635826808644156,-0.36581633678897213
46,1.4061511396602677,0.36470189939099995,0.6664317243584907,0.48137331167256353,0.08450486884553633
47,1.791513135206967,0.758858237546874,0.715740436700005,1.3559714749032956,0.8770496986480567
48,-0.13473944518344252,-0.25641896012185167,-0.3018828732420418,-0.3016190452854367,-0.47403635492523893
49,-0.5626659295085653,-0.5002899147870992,-0.30667932443707946,-0.4009077795544041,-0.10302025362144938
50,0.6002708219367809,0.31360653494029217,1.7332437413187642,0.4481484087072435,1.0681682060905149
51,-0.35488277637363286,-0.16076487369023337,-0.2965063463643152,-0.16202960555469656,-0.2096697926456664
52,0.20151491610414735,0.14509192611070332,0.4012035432532862,0.30109204233244113,0.8541382598529216
53,1.2585171106647393,2.7605852324254103,4.805111295606405,3.258037559204945,3.6174328103752575
54,-0.4935854012096432,-0.25445677217155205,-0.11900342146811227,-0.2817307357452424,-0.48050815797092167
55,-0.5116834791371456,-0.46740408550079016,-0.3655638853833409,-0.44637053465711085,-0.5052383268819204
56,-0.50543820804806,-0.507466344291602,-0.5067479847382762,-0.5435808415013177,-0.6624667375272655
57,1.0798526506654191,0.5602699911099441,0.0861458937319701,0.6350766347546573,0.6811617605331095
58,1.8596989760818299,0.688260678253137,-0.33430615809232744,0.5022350269327296,0.8841392685632352
59,-0.518143876032485,-0.47184567991021376,-0.49971084595310283,-0.49391499958469876,-0.5273509148777848
60,-0.5624973549906206,-0.562649751973808,-0.5625701699324912,-0.5622230147846365,-0.726533303748848
61,-0.28036210719354504,-0.3948946242410095,-0.2867756348080262,-0.4361152459030546,-0.48217948863574206
62,-0.42741102348730786,-0.4293215895785884,-0.41952794331334714,-0.3463204071779248,-0.43356731031346046
63,-0.5564313522011762,-0.5565325842654066,-0.5562637970545083,-0.5489983470822054,-0.6106992261609214
64,-0.1500184037612958,-0.21002362488758083,-0.1489818698623933,-0.2686954608339255,0.07309877438445839
65,-0.45142768644865944,-0.47679703636369575,-0.4587397253048638,-0.4924129460465815,-0.6628788634840941
66,0.1806791018395002,-0.039425876500125835,-0.23012461848015137,-0.021364842613394386,-0.1628748842549589
67,-0.36935442495593024,-0.40341294439497377,-0.43079306530058786,-0.43548495392360187,-0.5135773254531069
68,-0.5630410324938816,-0.5624270778842129,-0.562948951692718,-0.5544640032777284,-0.6887276822115298
69,-0.5628404279199678,-0.5625456804953557,-0.562948951692718,-0.5441597385028645,-0.6228977202188912
70,-0.4136181543637233,-0.4150042247794795,-0.4126618911445168,-0.4702472968878418,-0.45025522934524026
71,-0.25667706686531155,-0.2885532506378753,-0.5298005404505015,-0.43578103423416303,-0.4813635181126738
72,0.8415657609198152,0.6621511681458482,0.42051097804647924,0.6654352184917973,0.7841047344446844
73,-0.4009171472781552,-0.33336111622753717,-0.40122055448366717,-0.2435643114891315,0.5195885337279049
74,1.1301603221295522,0.3268710325405464,0.05988484288411843,0.18689666914686653,0.45174649677075635
75,0.9434126774512854,0.5938046396286099,1.1604089124603822,0.7423798158740322,0.3488823858501367
76,-0.35977609188174564,-0.002471553064259214,-0.11988402025914278,0.05073295783850986,0.2680701433623048
77,0.6024950836517036,0.3083765990188333,0.13969236579100988,0.0705759937046655,-0.2578239318629881
78,0.05272115033030134,-0.11501569250388789,-0.15802629440805327,-0.06899468487140806,-0.33021886810294887
79,1.1560561928341866,0.7340874466560272,0.7438439578555474,0.5468048443634755,0.06634684639364592
80,-0.17685848794730752,-0.17228014639961672,-0.007199245395298726,-0.1839268644876794,-0.06999391776248103
81,-0.4669190460982214,-0.10623656112173341,-0.21494559354869885,-0.10318244861009915,-0.29742428462877374
82,-0.4457046475991805,-0.07330220156976837,-0.12535150098935155,-0.06939587245601445,-0.02867841403562751
83,-0.5630264086833001,-0.41394060175779024,-0.35447974005087507,-0.38884475913629496,-0.24651435082402226
84,-0.35332136884539994,-0.44967568606891845,-0.3623866066231521,-0.4555108654175102,-0.5646326298933791
85,0.5519549506584706,-0.02337101732021192,-0.25485551771057136,0.36349906461490084,0.18608755078400058
86,0.48153048711484786,0.49345080082234705,0.6486670953231596,0.3167996357103878,0.3751697481230305
87,-0.37465094988758363,1.1641152072905439,0.8065097173432636,0.8339796543381824,1.3235412043047161
88,-0.5126730386124921,-0.5161961926587311,-0.5152380936385157,-0.5360597701154848,-0.6823999508450198
89,-0.5630629842376043,-0.5618453000644414,-0.5621688941809523,-0.5431866260642104,-0.6538190613825359
90,-0.5424872122267927,1.0189975404582348,0.8065097173432636,1.2823096348264007,0.11438664975740277
91,-0.3102916043960708,-0.35413909023150775,-0.31099050414948254,-0.33040495660381497,-0.43930311637030406
92,-0.44902017511608966,-0.43396392896179165,-0.4708964904931368,-0.2894727424267189,-0.04472157610320719
93,-0.4772166770365881,-0.48401510802998243,-0.4692904934854673,-0.5247178240697534,-0.6202852335774656
94,-0.5176193742492807,-0.38353540556515564,-0.4837564169196501,-0.43426916101861673,-0.4435692726423793
95,6.6413609659454425,5.74085398783149,5.467779422889451,5.572908343180155,3.6571863661055968
96,-0.4945392698680202,0.41851527029052965,0.14611494497364957,0.3680490879898594,-0.061214214805569725
97,-0.27552070268686984,-0.06104378918426612,-0.00829468301773993,-0.285573724014272,0.07033863015494383
98,-0.38883639876441317,-0.38745597537329,-0.45321735941479313,-0.4682602637433254,-0.442987680345931
99,0.0779755415893589,-0.15196073977760435,-0.15802629440805327,-0.1479764289213623,-0.3052789441422769
100,-0.5080026640904222,-0.5125792281418254,-0.5333459009290674,-0.551913530364349,-0.7078958474881303
101,0.9240948929409147,0.17484835945693336,0.023475627212759156,0.3959410088588522,0.09600316302842486
102,1.7698092397497003,0.37242456155804105,1.8250659267071863,0.26725651162956543,0.5016777024244278
103,-0.5625100682814507,-0.5626394602098818,-0.5625396326129349,-0.5567628148116862,-0.7156337035004523
104,-0.4996783628432329,-0.11012706430852943,-0.31805916315234034,-0.05882263069194981,0.39485955969807546
105,0.39853254688464396,0.21315351361519969,0.3965940863159792,0.1865537527265855,0.5672816546023901
106,0.9489937800699598,0.29947981418083613,0.5426560361352759,0.3427387303379713,0.012006604722630255
107,-0.23168252552588645,-0.1804745038058616,-0.20063836185998754,-0.16739191057513034,-0.34040093925982706
108,-0.36375201170754384,-0.39072082649162865,-0.43079306530058786,-0.3894583919318969,-0.46524638704362414
109,-0.36324222349088264,-0.4235993878204537,-0.3623866066231521,-0.4290955651122459,0.04516470514675951
110,-0.26472427863712356,-0.30236764771546465,-0.29522515267373783,-0.3547541616267595,-0.2521288548190494
111,5.451874843462186,5.084043465766711,4.545345501427949,4.547419219780707,2.8180235919433825
112,-0.5593603584922405,-0.5175862475379028,-0.5118493481539655,-0.5303062224400676,-0.6026393461865276
113,-0.5374939085775884,-0.5385886010794669,-0.5379939283537749,-0.5395103953667028,-0.6871565598784277
114,3.2305855959494223,3.7275854754107622,4.545345501427949,3.7779916597874674,2.3973488210122493
115,-0.561106137587639,-0.559789508636233,-0.5411449225080528,-0.5239032493967627,-0.5330139767374011
116,-0.4169644745865612,-0.43757022586456124,-0.44943472157238423,-0.4380695682983664,-0.5881213310769988
117,-0.3359846394500343,-0.3198666973601855,-0.537080422096458,-0.14363216134284482,0.1939654532213891
118,-0.4225394866221349,-0.4469708324528145,-0.42405716376370545,-0.4313224777864884,-0.660183244715054
119,-0.552880644831762,-0.5121692881375217,-0.49999181951086097,-0.5285679878589826,-0.6763686302385568
120,0.29176466359778397,-0.023432112760686644,0.21831945462227506,0.01593454256251702,0.1718163418122111
121,0.3354584170056017,-0.12842045368932925,-0.1674967605842177,0.01788411864572731,0.11491043360931116
122,-0.4656891393914445,-0.46476572789192633,-0.5333459009290674,-0.5271820813778825,-0.718118863800241
123,-0.4532688248419932,-0.4608480164711256,-0.4591308037828006,-0.4744199533852145,-0.4199036505328186
124,0.4545262905644053,-0.05904527059643416,0.43292617009498596,-0.20698843450407658,0.37634531449700176
125,-0.1434375158988061,-0.2222232553153112,-0.2510891192860509,-0.22038207334374052,-0.36618549281788576
126,-0.13380373287384548,-0.19282094235832592,0.14611494497364957,-0.3356640282409115,-0.1898906213247469
127,0.7018373472557194,0.5358545414821093,0.42051097804647924,0.5545808218319969,0.8524687677182587
128,0.0779755415893589,-6.789746133749366e-05,-0.11765725728370163,-0.07762204582106447,-0.1363064239215143
129,-0.04653563354268268,-0.2807140002542355,-0.4392716079545501,-0.2916520196996074,-0.4932481358855751
130,-0.5192064519824977,-0.523023703559042,-0.5118493481539655,-0.5418481452055148,-0.6321406441548659
131,0.13317103421453394,0.03906334972807285,-0.055119738549295624,0.011567767171535908,-0.16382358131311942
132,-0.5310827684716827,-0.5352759346424455,-0.5332474065836204,-0.5343572875464042,-0.6100811897916838
133,0.10556813334530121,-0.03880417212644985,-0.4088806911071291,-0.043076559171574554,-0.3113051583130756
134,-0.5626255777927387,-0.517419023731181,-0.5370242236450746,-0.5180046503473384,-0.6385974678736133
135,-0.5451616321442516,-0.5239957495750471,-0.5489800174353676,-0.438573953336313,0.38645410370701677
136,-0.5625294106911501,-0.562614893981769,-0.5624622806294304,-0.5625183446626653,-0.7347071725307834
137,-0.4774315463972375,-0.43641874595855307,-0.40372805780401266,-0.5134676910740792,-0.5704137068814125
138,0.6389503008561077,0.49805106271017835,0.7144205544501969,0.41374388670011775,-0.034539770772626086
139,-0.2602637407307199,-0.1417145785911334,-0.1042858436883991,-0.18760449135643537,-0.38434246236648756
140,-0.533454601809563,-0.5210460383196377,-0.5310827684716827,-0.4873310126164713,-0.3014690580802835
141,1.3844930325656373,0.09937581281119902,0.7633146654591101,0.5412707706782881,0.7646163513041612
142,-0.5614819329760868,-0.54344876136432,-0.5426638994014275,-0.5558155484865056,-0.7143970057941698
143,-0.5601636999920709,-0.5574429138907465,-0.5574917740081133,-0.5589723486029835,-0.7004624203913534
144,-0.5355705665458167,0.057986503465311534,-0.12119072051798528,-0.020243073702233907,-0.3141527296387977
145,0.97573450440661,0.7028781559746227,1.05830844388591,0.5385925858369005,0.5706715531371434
146,-0.5624973549906206,-0.562607115814354,-0.562911478578799,-0.5589375926146998,-0.7270780922031177
147,-0.5535153477022468,-0.554269575311903,-0.5583859314445906,-0.5550493413605634,-0.7231260519434204
148,-0.562673661343533,-0.5480502979550116,-0.5361612889951749,-0.5561456773266736,-0.689539298760693
149,-0.2989668062344963,0.4535761572782744,-0.33720390366423536,0.3778944043689241,0.012222431787372274
150,-0.5499182749675867,-0.5372495648179519,-0.474890764863532,-0.5339471858751758,-0.6182459807788333
151,-0.49466572960660915,-0.39229705083888483,-0.30340792800308924,-0.32445315530829766,-0.3324659677391612
152,-0.40285996635356863,-0.4205957650248843,-0.40372805780401266,-0.4793888435507503,-0.5457482012585271
153,-0.5428407994259137,-0.5373261290840052,-0.5070116621085518,-0.5237834440005631,-0.6936011401366828
154,-0.5567273288953055,-0.55693196683568,-0.5567319413544373,-0.5617003744460779,-0.7091568317244955
155,0.5562486322324779,0.15104578321790557,0.21831945462227506,0.10094314804082848,-0.027048588436560727
156,-0.5631320578611053,-0.5608273889322066,-0.5629872408913464,-0.5620022131460636,-0.7312408017454621
157,-0.5630078099658529,-0.5568586517292349,-0.5411449225080528,-0.48704174254464616,-0.528747620264206
158,-0.13922089622887168,-0.23793429428409904,-0.2965063463643152,-0.2582602154793602,-0.08950595016266945
159,0.6296780291994389,0.6025327835757317,0.5409318818154545,0.6920126087196248,1.060844252449708
160,-0.17026731661608785,-0.1834968999407039,-0.25475313287160345,0.049015140971573244,0.2537515508108008
161,-0.3294476935418304,-0.2555686115628771,-0.2943033001805264,-0.18739123694513038,-0.36764615730221667
162,1.0115904338784747,1.2283157750311382,0.9854921923308275,1.6077578984228202,1.6683905042187523
163,-0.15625635332838064,-0.2767324764295001,-0.11900342146811227,-0.4149145843198509,-0.45204356541134466
164,-0.5201430041514487,-0.4487953188981072,-0.4837564169196501,-0.36660572114683154,-0.45693591611296375
165,1.4284859554153568,0.9383513121129345,0.48138973328145424,1.104437842536669,1.0515637099667734
166,-0.43356039033154936,-0.46763255851202096,-0.47451384496110965,-0.48320699093591163,-0.4429316700240478
167,-0.5631256467209994,-0.5628166741026014,-0.5629264711444214,-0.559473294494333,-0.6958260121669098
168,-0.5191925975087288,-0.5185747348225482,-0.37737457017644305,-0.5008657396823812,-0.29833749143416616
169,-0.3076779749090962,-0.3285941138672944,-0.4564741769161824,-0.35212542553645493,-0.3460160030088765
170,-0.37396839426734846,-0.4090578684615085,-0.2778427342884075,-0.2817054092856459,-0.19353825547791084
171,-0.021648151831886085,-0.22048192113404813,-0.3746995591518666,-0.20198196977279,-0.35888296313894125
172,-0.5629397236579281,-0.5628471038284154,-0.5624645376466465,-0.5610266241559487,-0.7116130869535449
173,0.2241495360040089,0.9666357104437269,1.8753560816543218,0.8229810746990249,1.0354231835249226
174,-0.5631384690012112,-0.5461351822410622,-0.54612346343864,-0.5561905799924919,-0.6579528419675212
175,-0.5630615353199403,-0.5523853480271566,-0.562911478578799,-0.5620165860831436,-0.7235676757685165
176,-0.5535217588423527,-0.5539133090881364,-0.5547943701533748,-0.5389467819503527,-0.6315864392845385
177,-0.5365707044023379,-0.5431722486721519,-0.5425810896354865,-0.5474966253528993,-0.5704315443422356
178,-0.5215802086624097,-0.5219271543648866,-0.5182604882598713,-0.4625409540679443,-0.3352584842647264
179,0.45414393016848903,0.40270563595774084,0.26475141986012857,0.46749854581231315,0.2643944286078446
180,0.572915556483051,0.2167135960268464,-0.1367773842075606,0.1420590987730733,-0.030465871207320496
181,0.01040456751749317,0.2034300691177421,0.6639399742626443,0.3173278722565265,0.053778649521443525
182,-0.5621126865842663,-0.2922917672125015,-0.4680877035200579,-0.2962194851992371,-0.06687005595806476
183,-0.4663302534020351,-0.4701714799421886,-0.46272959149743903,-0.47588424362785164,-0.5982417244832418
184,0.3280100057196812,-0.02345507134190721,-0.042781088247694644,-0.08462978533272625,0.08552691768112404
185,0.4583502791919738,0.15229278105184876,0.32444806218611744,0.18353233240723563,0.23489289355598578
186,-0.07259617438093709,0.03836876428728391,-0.4961849069549645,-0.19578127642358417,0.9618713004486069
187,-0.2221178353578472,-0.3072336281833473,-0.19384781945821047,-0.322805424838976,-0.44304990391486515
188,0.02809244787873947,-0.028805027228094394,0.23418093152719766,-0.020495717148897905,0.024108778186833452
189,-0.45049266013105366,-0.4855939990006747,-0.4587397253048638,-0.4993511943959791,-0.6443147514212464
190,-0.5630711007409783,-0.5628522795827586,-0.5610269279516307,-0.5612119953967993,-0.7230318919189243
191,-0.26566156808718666,-0.16053238019390675,-0.1977254484464662,-0.24907021842376315,0.11085423598236842
192,-0.5576705871168072,-0.5575948399833455,-0.5572779011218119,-0.5508717983040767,-0.6087052222520586
193,-0.5541628728529432,-0.5460653852932595,-0.5164495206918759,-0.5207534598840198,-0.5937008549529892
194,-0.47245930334328096,-0.48379581868798327,-0.4731787764452926,-0.4931493795355487,-0.5934857270016392
195,-0.5625614663916797,-0.562617036680301,-0.5625396326129349,-0.5507555499795574,-0.687219163499234
196,-0.4949239382743746,-0.5254771045522084,-0.49999181951086097,-0.5320181668873637,-0.6453402500803966
197,-0.332337425188606,-0.434801866526732,-0.4949456784504736,-0.39459781534233407,-0.04637773685111955
198,-0.2438819762986893,-0.2834064760285245,-0.4088806911071291,-0.22420676207206283,-0.36157141689828787
199,-0.46887907908481913,-0.19030055570448123,-0.22260498904436452,0.14716969946504946,-0.08300025180092847
200,-0.5279797766604243,-0.5303144127164853,-0.5295868357803046,-0.5107776630357388,-0.5128595294169073
201,2.191293387361162,1.2492049957277098,1.3224333425144643,0.9811470973067379,1.342863833540947
202,-0.5034853170715401,-0.5165554321146193,-0.5349548763692547,-0.5290761948921319,-0.6093656460943045
203,-0.5563618939092688,-0.5566222891333811,-0.5567690654173949,-0.5569233058420104,-0.7123490315402847
204,-0.5624973549906206,-0.5626504285358854,-0.5625701699324912,-0.5625995676686525,-0.7342708938212523
205,-0.5509573027999903,-0.5521439185228385,-0.5506774629455077,-0.5589875807225583,-0.7070976225188549
206,-0.4174078562140054,-0.36672137743985905,-0.3356208232768744,-0.45061792838130227,-0.5562796812658234
207,0.24493010547436336,0.035423808030621895,0.15196152553129827,0.1258347884015701,0.015622853361827144
208,-0.1685410850868722,-0.26733464459733824,-0.20156542767862842,-0.2811231298386223,-0.23559997012292244
209,0.6764926550882705,-0.025278438952427002,-0.458133809521978,0.06850176740157932,-0.28866755773054864
210,0.06731570687956899,0.05580115056433803,0.07902020962227077,-0.0034916840132431957,0.2491476509986591
211,-0.49872142324874524,-0.4080218754598114,-0.3575330686064171,-0.4368711534234918,-0.6153055101686106
212,-0.18625844387032547,0.9588615725617434,1.2394608484656917,0.6729086511915625,0.4651466469357652
213,-0.49618816381413827,-0.49909813134205755,0.006074907541088652,-0.3437652823582777,-0.0812499386407775
214,-0.5623651572816368,-0.5270329197163882,-0.5333459009290674,-0.5512024655398647,-0.7018562519209636
215,-0.44312080426913797,-0.45473818859660226,-0.4526147058336978,-0.39604414417223993,-0.07110965963659359
216,-0.5028737520056976,-0.5053329832142051,-0.5070116621085518,-0.5355969101374992,-0.6884096028822905
217,-0.4928757392890403,-0.4843641689338593,-0.37026617608732,-0.4666189257881355,-0.3109814713158196
218,-0.388716221943128,-0.3932847775877873,-0.3824206490487713,-0.40383669872355554,-0.5186586124046146
219,-0.4726771987620604,-0.44950798933702957,-0.4715723211937517,-0.38105788942788654,-0.1577737854295064
220,-0.5501943194271266,-0.5467798754112145,-0.54612346343864,-0.5437001864858075,-0.6593858059844003
221,-0.5627752779142116,-0.5436521946077892,-0.5506438548331953,-0.5318019680866078,-0.6174768957804702
222,4.172127696289848,2.22060549090598,2.930003584800273,2.161520495078003,2.3619059988465185
223,-0.5589685224312478,-0.30925737733089476,-0.4680877035200579,-0.27448152592785113,0.20820003099918435
224,-0.3600790246628898,-0.0726710697043227,0.01960354060933115,-0.11654854009625529,-0.34308878400203674
225,0.08344907168819615,0.3391927127252506,0.669772621443707,0.2840302209020786,0.5356271050419057
226,-0.2854184644056911,-0.24858681289998674,-0.29522515267373783,-0.14626800008463903,-0.13480079614798737
227,-0.4508962798675611,-0.45159846583172014,-0.45681589892672164,-0.47503939381644916,-0.24851735803170438
228,-0.554444963017603,-0.3802269734119372,-0.376001047153803,-0.22895063021830633,-0.4062747662135813
229,-0.5615772025180606,-0.5258949821634412,-0.5161559747357239,-0.44135095949917674,-0.515903417850977
230,-0.5628403830419871,-0.4816056507678664,-0.49684285790170113,-0.36133181815751597,-0.2896541373324742
231,0.4352115257010244,0.730152508863172,-0.00829468301773993,0.4849590393123608,0.17679606255031796
232,-0.5628261823666525,-0.4963075481014427,-0.5441336699396706,-0.532089277976054,-0.5030534168300276
233,2.1003098912935445,1.8584233443464688,1.9134467659541203,1.7310515520141085,1.5441898264883676
234,2.958938768209125,0.968536938241432,3.9876648409002433,1.3750752791433796,1.004165288400446
235,0.34128016817929113,0.42121154036879976,-0.06381016098821746,0.5767060642255639,0.41943767990984643
236,-0.10747353307159663,1.0660093750266169,1.9183496757334015,1.2084810760786118,1.2443049097449188
237,-0.12226923273054692,0.3908061592703353,0.26475141986012857,0.3830283159439361,0.16150670837986653
238,-0.5624973549906206,-0.5582347781109059,-0.5557945080098962,-0.562027903904295,-0.6999497097683841
239,0.06222306261442355,-0.10132863049654502,0.14120657771135317,-0.23489829054325254,-0.009636251336596301
240,-0.5086437781010128,-0.5127484795899327,-0.5234038702878149,-0.5383042406321517,-0.6949125814404008
241,0.05050300484303973,0.403023241429067,0.45797162168740735,0.3534917329530905,0.02216603088247583
242,-0.15225778294458817,-0.2767674581823883,-0.13461908885023435,-0.2793692714496945,-0.4130309875773616
243,-0.24844874679664786,-0.32233209678996166,-0.3655638853833409,-0.34641653401902184,-0.4578412094230668
244,-0.5092848921116033,-0.5107153971514687,-0.5070116621085518,-0.5150920036041893,-0.6688260732648329
245,-0.4855636737197522,-0.05032407889712294,0.11753324412495308,-0.08323161828886567,0.2756766647865639
246,-0.3906788001523478,-0.11383907421062983,-0.2510891192860509,-0.32826624522351916,1.4776528574634085
247,-0.5316487118645316,-0.5266749789237799,-0.5345150674259576,-0.5404668813082589,-0.7119580178251432
248,-0.5450839547707285,-0.5406690404371023,-0.5309451084713287,-0.5374170988721709,-0.6816049208868016
249,-0.5195427162810524,-0.5288772839202104,-0.5345150674259576,-0.540375861536409,-0.6733539792648501
250,2.5435258676997146,1.8160810552099143,1.705979082584809,1.690935814164162,1.132555910284339
251,0.6498384234427887,0.42945727088214675,-0.0977537522954834,0.25748743292336895,0.31318148048493355
252,-0.5195169691423871,-0.5253209921173532,-0.5184812879251187,-0.5153987771009202,-0.6637414646264016
253,-0.3248360258297102,-0.2098293380482699,-0.2635152310326198,-0.2207185742962781,0.0038576340223082537
254,-0.5605996575192725,-0.5605559922219266,-0.5602613304363886,-0.5534577866070179,-0.684252043401897
255,-0.5615549173950525,-0.5176395812152152,-0.37579339368398895,-0.4699878658335759,-0.6355339785355356
256,-0.547652539587319,-0.3680674095804277,-0.20973581347972511,-0.3384256808156366,-0.36206981747553774
257,-0.5069583534785712,0.6369059152649919,0.5426560361352759,0.5688890255214548,0.18904191467901324
258,-0.42607880139558085,-0.1682184407002218,-0.3059091257839651,-0.17469308031087658,-0.5482611269750671
259,-0.06064135989229536,-0.14715721638659873,-0.2014809065656884,-0.1418445741974586,-0.2655706268864068
260,-0.24023898056745063,-0.26330852346089073,-0.2483948047460248,-0.10521818852222206,0.12117121275632957
261,-0.345870322580896,-0.06233029192126608,-0.5253127423763675,0.028739919745787747,-0.23790302862173382
262,-0.5154733989661913,-0.4522743783896191,-0.454610237303062,-0.44548923255366557,-0.4413123491990078
263,-0.1528255022232463,-0.254164732601303,-0.26325650947364604,-0.240950160010009,-0.31380619519688796
264,2.526011107354748,1.1837279609523206,3.9266774024917317,1.3915124093353353,1.6977269757876283
265,0.7780483071135894,0.9306562199661623,1.733458445592556,1.0231089753385,0.8400863966333858
266,-0.5584711590041118,-0.558615322941872,-0.5591648209629095,-0.5489738796985372,-0.6710609608370464
267,-0.49261592783624847,-0.48390272420113367,-0.47982625651476996,-0.44424629033615914,-0.6754025008765667
268,-0.34040221630658835,-0.36153574918067954,-0.537080422096458,-0.37316305586015747,-0.33704993429949226
269,0.7316405642315793,0.18933446240498225,-0.1419976139006453,0.15308290888257337,-0.07034239747598679
270,-0.4523518779394861,-0.4605401317339116,-0.35447974005087507,-0.369704648141791,-0.2551764722741181
271,-0.42081115865010466,-0.4301253372765025,-0.3342524081622029,-0.3286520925830085,-0.057676015901203415
272,0.09627569865299944,0.28285839229354215,0.23806773650552374,0.08267915315264618,0.4514033415583452
273,-0.3750928825973639,-0.3942803775335581,-0.4085722921879306,-0.4008538966791465,-0.5239145368024116
274,5.424604796164973,5.109201480151682,4.805111295606405,4.693659593793318,3.7881265654724885
275,-0.2863979455687911,-0.34894634671506053,-0.28663832699296865,-0.3347172536792245,-0.46741925609256235
276,-0.5630596119779085,-0.5626350832784609,-0.562911478578799,-0.5601604787814037,-0.7177122223070288
277,0.3408322859314926,-0.20066073556892405,-0.22580496720932927,-0.28801091543466373,-0.36935741670592553
278,-0.29764951568807596,-0.36956155021763526,-0.4949456784504736,-0.34801466319329133,-0.06784972374204894
279,-0.5624973549906206,-0.5604040970030563,-0.5624622806294304,-0.5626847917089774,-0.7329509599608193
280,-0.4573546572537671,-0.4704241314350833,-0.46272959149743903,-0.4493787766030625,-0.4854567642459404
281,4.520322184144097,0.7667618520496327,-0.3117515979456524,0.47880826284713385,1.3304121021358926
282,-0.5618014257321245,-0.561839309147703,-0.5617397396653676,-0.5610500030023141,-0.7155154468333507
283,0.8616168003463784,1.9842873251045348,1.705979082584809,1.99138452526323,1.450818126573441
284,-0.5410005265364942,-0.5308908151500651,-0.5451553517914038,-0.49429885464310025,-0.5096666691160175
285,2.444716459594461,1.2512303357929975,1.9183496757334015,0.8414808854904469,0.9278701791747876
286,-0.2987581300351892,0.06938553047325652,0.006074907541088652,-0.1795407046071311,0.12002710526277467
287,-0.2951716228594236,-0.20436515588857065,-0.20385742415729324,-0.10929826144149916,0.41429475046919045
288,4.490389994262727,2.4553645004670828,3.9876648409002433,2.787399895148087,1.5772008994826323
289,-0.4274479772988783,-0.20442548028793792,-0.10451007074914713,-0.23439606831272,-0.3313323051403322
290,-0.5567273288953055,-0.5566849640420797,-0.5575115523753402,-0.5603826925811303,-0.7105084553302305
291,-0.28763258369696615,-0.14932632835932616,-0.43165277757408893,-0.1635131030179057,0.08362251278367287
292,0.26736381947672616,0.7631535773943263,1.021733783935763,0.6905053322320694,0.24561830059995166
293,-0.508090009463225,-0.513224869871324,-0.47393074847131966,-0.5012134546733319,-0.49849435256862945
294,-0.37048352930682193,-0.386268531696328,-0.33674372484971365,-0.3796100061542883,-0.47912488844946904
295,-0.4231522185154766,-0.4455767453027786,-0.4424881392253298,-0.44550445356475393,-0.34878997861264477
296,0.808942251355667,0.3841142772625343,0.3515454818426121,0.6220616124799289,0.48194115460045206
297,-0.5612151269694394,-0.5613441622349891,-0.5600131450519172,-0.5515114787036157,-0.6882524938240467
298,-0.5567273288953055,-0.48616916444275143,-0.37579339368398895,-0.4588100824020895,-0.5965764787829175
299,3.4356359044471105,3.271636948861271,3.0039400260159304,2.7600421485944335,2.1542556931270846
300,-0.496864032615243,-0.5059485861750926,-0.3876071835448907,-0.4932899509057811,-0.5727815720585192
301,-0.05051268814027973,-0.14915784295355786,0.10569784353192395,-0.16589506452908492,-0.07851359860685221
302,-0.40694532434097475,-0.43155492961176967,-0.3361066065821941,-0.40603101827908034,-0.3880919930193348
303,-0.544802608298321,-0.51463380629692,-0.5430666549162486,-0.45645029883769633,-0.600704705570579
304,-0.5608811065699217,-0.5617251220540211,-0.5613964292032795,-0.5531602682380508,-0.6929229407631147
305,-0.5374439529738831,1.2254837321052658,0.8065097173432636,0.9369285266082454,2.7291716508593304
306,-0.5604816668967634,-0.5527966465390913,-0.5568807872271084,-0.5156092418188097,-0.5964316870077508
307,-0.524671628365777,-0.5046214768634197,-0.5501726219919615,-0.47175187456324164,-0.2613280643448653
308,-0.4997965906779259,-0.34748733764092044,-0.5610603748695632,-0.28476053578030996,-0.1792907794038138
309,-0.5426228206623129,-0.54800860272265,-0.5560667918778255,-0.5556989038528637,-0.7203558488879065
310,-0.5628534168898224,-0.5628368548929,-0.5627951043649891,-0.555370627053209,-0.670037132055874
311,-0.55974715539711,-0.4968991577202899,-0.4914476376811523,-0.4661456713519238,-0.279169623272115
312,-0.5215275988467007,-0.5225608563281781,-0.5295868357803046,-0.5071599388672668,-0.5397367471466279
313,-0.1401487869475395,-0.05669415447313763,-0.24450084151606574,-0.03466338841272559,0.410199868958445
314,-0.5165449633346325,-0.29167575606191826,-0.14374871477659343,-0.2142335298742157,-0.39786441090904484
315,-0.5404529959380296,-0.5406276264792363,-0.5403722572451057,-0.5488839609578695,-0.6832254914370289
316,0.6037955641887662,0.21139317756779405,0.7633146654591101,0.2828759159012834,0.28672059296075303
317,-0.4612013413173105,-0.4770165859160784,-0.4587397253048638,-0.47414164539199033,-0.6751556858031462
318,1.3627707884253872,0.4481448537514456,-0.14474106737197945,0.23740781967670063,1.3670901444717247
319,-0.5364701905477576,-0.5344432770463461,-0.5629510521424953,-0.5519899476408917,-0.6980563909508459
320,-0.11550411434597385,-0.2346200933944936,-0.4727413935079408,-0.14162430160684636,0.34820723675749277
321,1.465092879428087,0.748977609302936,0.38121452519610727,0.8584606592310604,0.15687826153145812
322,-0.553207901478468,-0.5393538140300008,-0.5432683327150162,-0.5289424635530753,-0.6083231782162482
323,-0.37837585434481535,-0.41668910197176323,-0.39541496854181607,-0.4342932194363633,0.18859316115056496
324,0.38143209364674135,-0.05603868255400142,-0.30742018937657783,0.16992954427620896,0.22324681431303245
325,2.317557432309559,1.5435814413018927,1.153965449523109,1.8169151199806721,1.9129469628238545
326,-0.5045513037480891,-0.5098715521429241,-0.5020990725762341,-0.5462199807371367,-0.6842263332281973
327,-0.5359361425769357,-0.5372036061333416,-0.5361612889951749,-0.5506016903980888,-0.7046105206690649
328,-0.5503161887893998,-0.5501726235772914,-0.550782643194208,-0.5246868024671316,-0.5688129869940962
329,0.45282395335436443,3.195926415088264,3.9266774024917317,3.1352246181800596,2.6687594024980092
330,2.77816070918425,3.1366505202148596,3.0039400260159304,3.1634647556767237,2.0690653649147994
331,-0.560125572941861,-0.5590691013361399,-0.5603258705824423,-0.5548364506270657,-0.6612390202455847
332,-0.2358254876071441,-0.30448657941142465,-0.2965536684853697,-0.30146445587042225,-0.4257550091265348
333,-0.296999176046873,-0.13722377595610905,-0.03925230486176645,-0.1889613197186193,-0.18050965281738002
334,-0.5367944852477347,-0.5381023210353484,-0.5375173263353487,-0.5254102880243516,-0.6508271027980198
335,0.00040074630789992854,0.019350719124826905,-0.042781088247694644,0.08670384724161066,-0.010615910015473965
336,0.2158150538663315,-0.0030639021801407403,0.1618434382706637,0.027881060615459575,-0.28893867103292553
337,-0.5072333272777134,-0.48321746794521814,-0.49971084595310283,-0.47969192336836225,-0.5306807713017674
338,2.9241036589317635,2.616819611737843,2.446383812495172,2.1019465842035854,2.438112981654777
339,-0.1615012942267418,-0.2533303936098383,-0.376001047153803,-0.2953414051435595,-0.402911468443989
340,-0.5392393671159816,-0.5310502103881086,-0.5410714337460655,-0.4143262016753913,-0.44350466322176396
341,-0.33870253330855127,-0.2228662391569963,-0.35447974005087507,-0.3335559290851936,-0.0868827244718043
342,0.7825598392283957,-0.26812267058601,-0.12108213106921051,-0.44215299900717464,-0.26953361153468997
343,-0.0694806808464722,-0.15096624077632015,-0.2224111779892701,-0.20152975699857348,-0.419741335400212
344,-0.5591409436332561,-0.5591942167252743,-0.5591648209629095,-0.5557396740701144,-0.6703199053032128
345,-0.5527139551890085,-0.5516539665852407,-0.5522122437266527,-0.5523963379560581,-0.6576914188157719
346,-0.5630120669628831,-0.560734848676375,-0.5539607050293669,-0.5591069098488142,-0.6624633738364096
347,-0.30846813510486887,0.5364180005501539,-0.30213988142382237,1.287886060395184,1.8647317886242403
348,0.36043032702045297,0.029310481154040207,-0.30742018937657783,0.10461219945984011,0.23606749545183894
349,-0.463936763232877,-0.4592013870470917,-0.47393074847131966,-0.49018499146625116,-0.5044641859511104
350,-0.4377348118773067,-0.4606464312263234,-0.5432683327150162,-0.5087449551061808,-0.5861411910798701
351,-0.2387347796423827,-0.34224962723117974,-0.43277862018112856,-0.36391388525495366,-0.6099756566370595
352,-0.5026155625713525,-0.2938112868498087,-0.3059091257839651,-0.3281725269765378,-0.46593465007494733
353,-0.15389328401902505,-0.3163607129341162,-0.1489818698623933,-0.24675114897978304,0.026329473277837617
354,-0.5503161887893998,-0.5510950915775479,-0.5520612562482465,-0.5574074217261213,-0.6915063402008759
355,-0.555124543868829,-0.47531085454359745,-0.4587397253048638,-0.47825580355826885,-0.6772178895458706
356,-0.21425145620386243,-0.2672767807134044,-0.3876071835448907,-0.31400445075031624,-0.5262665073506835
357,-0.560487757479864,-0.42842375432976715,-0.4545652118660983,-0.40900748239070855,-0.3914831455991427
358,-0.14276085211632822,-0.14227040369362132,0.7107863628171085,-0.1712543872347152,0.4050759815572664
359,2.4962575895369894,2.125631511218273,3.0039400260159304,2.4591211397296733,1.7234872789993185
360,0.37416313658352535,-0.03933615323545759,0.35720786361332096,-0.06287199974263921,-0.3130294592983463
361,0.9927744877710339,0.4537688139121122,0.14105258533157936,0.2381303947647339,0.734934432253772
362,-0.4099122204700649,-0.4353653886365851,-0.4260901262166394,-0.4329583845760425,-0.677855164280073
363,1.828619820413233,1.4480455780229102,2.0005686175627573,1.3043539301720084,1.595342715500138
364,-0.5120226605044486,-0.49591235452784593,-0.5049082204659717,-0.5065491784513589,-0.5346072739449127
365,0.15224723414343394,-0.16699152285986454,-0.30616714614738677,-0.307093570213887,0.19633838212684815
366,-0.28093691719316033,-0.15788750984029845,0.037667118054876894,-0.16843007657623432,-0.24682697672536572
367,4.869812010801043,4.209633595497137,4.106695830101494,4.048711267600619,2.5603689811105657
368,-0.036335830191192,-0.11665176868791169,-0.25755430316600264,-0.23980089520609457,-0.06988859041273975
369,0.7401029357920895,0.4708385000138505,-0.0977537522954834,0.33277215065804416,0.39381198579587756
370,-0.2586093139706904,0.09059909225066246,-0.45414908720081426,-0.1256065485156622,0.15847808807853045
371,-0.5630102461990931,-0.562555621456421,-0.5630156315567821,-0.5590105428212613,-0.7333119461748348
372,-0.25522442432897535,-0.22607608226688516,-0.3876071835448907,-0.2559358310164851,-0.4520316724400008
373,0.38528828543106186,0.3062695124251244,0.45797162168740735,0.349758853945585,0.06286930758399396
374,-0.5624488931825601,-0.5626223706554345,-0.5622772584137381,-0.5607598730461627,-0.705416280888312
375,0.8282237488130381,1.0364275563081307,0.6667062762435557,1.125963119018774,1.1710793061319587
376,-0.5259538563869581,-0.5294584699322943,-0.44679994600829376,-0.4861467247205002,-0.5264837378369354
377,1.3610714195732152,1.1683322953904287,2.0005686175627573,0.8487170684140218,1.90897355850442
378,0.2535910236328132,-0.29378840373839255,-0.4934935851351398,-0.2153084325511937,-0.41108735818859715
379,-0.5287555246132389,-0.516203826000609,-0.5501726219919615,-0.41918708832218443,-0.3021985020231474
380,-0.5260926383368306,-0.47892411324059386,-0.3342524081622029,-0.4580833761326317,-0.0254046481306312
381,-0.341565767713269,-0.35514764467782867,-0.3281465641973891,-0.36615103111017927,-0.31667946458541385
382,-0.5621662580709913,-0.33118492750639794,-0.3551976509717476,-0.3944525776612027,-0.5337702358513605
383,-0.4344026474518226,-0.455201872082081,-0.4526147058336978,-0.447574076358736,-0.4054257421359928
384,1.1161342221400548,0.8304516823481778,1.4620909079514774,1.0664092531527558,1.1493683802191978
385,-0.5627858562953864,-0.5613117089638779,-0.5630156315567821,-0.5609815621119861,-0.7325908989754358
386,-0.26822602412954893,-0.3689485996280167,-0.37127208671756806,-0.3182934103655242,-0.4867794955548039
387,0.2785349105542615,0.15776428161880376,-0.11988402025914278,0.07475504039440821,-0.08312554476962357
388,0.6984533295290589,0.48283178572727903,0.45797162168740735,0.34172034778183014,0.10615593668338498
389,-0.5623466354978709,-0.5502718702782904,-0.5621688941809523,-0.5382959128252424,-0.624879573052298
390,-0.5520634168024623,-0.5544857169102708,-0.5583859314445906,-0.5600643216396058,-0.7239724119413904
391,-0.5448722204575908,-0.48828890161776656,-0.5264819971332865,-0.36441069435638773,-0.2755965635699275
392,-0.1757271268750985,-0.17559179224868693,-0.12108213106921051,-0.23127842109784072,-0.3440572845026491
393,-0.49878735541359437,-0.5137418060272314,-0.5020990725762341,-0.5148861759559364,-0.7034415503097551
394,-0.5190682919132154,-0.5237313156576496,-0.5118493481539655,-0.5405182790564937,-0.5819482773709483
395,-0.40927110645947434,-0.08580003095751891,-0.2014809065656884,-0.14598729350566209,-0.25429108303770465
396,-0.3406344021566638,-0.394638259597643,-0.28489498840490374,-0.4711861449700214,-0.5647236266654906
397,0.9902523260199503,0.5058196654916123,1.25941490749175,0.8346643665865464,0.8667330111912097
398,-0.536457868336474,-0.5371107061042045,-0.5400834642334653,-0.5357632626952836,-0.6320857870375628
399,0.4334499367341247,0.16959181894849276,0.3698918606619601,0.1956096790782225,0.28810119294439357
400,-0.5629333125178222,-0.562600997464624,-0.5594970723914903,-0.5542841858835632,-0.6881342512786714
401,-0.4855636737197522,-0.449142451674447,-0.3552794923807696,-0.4219486796357972,0.007256366621291715
402,-0.4368390089148689,-0.4470043454525049,-0.4243165937536609,-0.37770390263744924,-0.42403221873612545
403,-0.5630679464600462,-0.5574799981119747,-0.5583859314445906,-0.5622911511787586,-0.7301277857922964
404,0.47194996143074713,0.23395478086797244,-0.37001913196211056,-0.00879222101755558,1.3701812006618657
405,-0.5609372617461095,-0.5616117998377974,-0.5613964292032795,-0.5601234790930256,-0.6823785943424046
406,-0.06642251572683433,-0.17733262175158956,-0.2510762243462512,-0.13795483175662823,-0.15543217318515967
407,-0.5362954677464513,-0.5087780854771222,-0.5527780665900676,-0.5097295107381976,-0.6297976611035753
408,-0.04656871502562918,-0.2552277879336319,-0.12957570671713933,-0.2534376570035855,0.05856743425809309
409,-0.5385261021346391,-0.5194173484226663,-0.4459387968609134,-0.48080388696440296,-0.3663951453659677
410,-0.4872709859745153,-0.31086175851781994,-0.458133809521978,-0.3558120545173817,-0.4491022558359838
411,-0.46611039617438327,0.09521464948394719,0.21831945462227506,0.0648469444883179,-0.03440643152443618
412,-0.029983352017255344,0.3778554393467004,0.6639399742626443,0.4336237907896534,0.229646500704678
413,-0.4754227566901343,0.03403682824165711,0.42898493667420734,0.15531936831115925,0.1053073605668332
414,2.921405838352918,2.54687873491472,4.3333971581784265,3.8559201472680704,2.0471397340476463
415,0.8247813897114139,0.45082550584203446,0.3515454818426121,0.3976533080565903,0.496004242793086
416,-0.4323512108407349,-0.4403223672708272,-0.4320342697184594,-0.4456395842349537,-0.6287406259276985
417,-0.3998269008474454,-0.42938880144653835,-0.40539840919495124,-0.3561102623865848,-0.31176967352907275
418,-0.45291025618701003,-0.4540706016088217,-0.45665809604003205,-0.4293533244650786,-0.3847558123828929
419,-0.0826087403856348,-0.3947782534480009,-0.35386581141138024,-0.2871478259036597,-0.38076379229102414
420,-0.5602534559535537,-0.5566608313410831,-0.5560667918778255,-0.5605420165855843,-0.705622189330078
421,-0.5631000021605758,-0.5628594655751706,-0.5629264711444214,-0.5593424556992925,-0.7175443347609199
422,6.54400150128654,5.5778906865388,5.467779422889451,5.5618680260284235,3.668150958915564
423,-0.5591337952120379,-0.5581121618570243,-0.5591648209629095,-0.5518479815492628,-0.6303770186622761
424,-0.521221300217001,-0.516610601996419,-0.5384614762395865,-0.5247984078139788,-0.5903527824709259
425,-0.5182604882598713,0.6688357109240792,0.5014166170585606,0.6370661396143164,-0.07760892025741233
426,1.376032776681362,1.8048909671869666,1.58451351827785,1.6234259024745663,1.8765159119182093
427,-0.5536692022425083,-0.5545900457906671,-0.5549958970155868,-0.5592993459644219,-0.689731985822998
428,-0.541535170743346,-0.4728893550628506,-0.4832466402430411,-0.5249394248475711,-0.663616982887708
429,-0.5459245578168543,-0.5252937990216725,-0.5451553517914038,-0.534268633934441,-0.5277323650290217
430,-0.4522898565701016,-0.47019050902641985,-0.4459387968609134,-0.4221697028389342,-0.36628477615776467
431,-0.5182604882598713,-0.24977137663671567,-0.25108601095162286,-0.1401180503272287,-0.19352726303787351
432,-0.349182016236022,-0.1925209800314936,0.03253323947361698,-0.2235279296755571,0.0519760006302023
433,0.19901796936710023,0.04556203170822566,0.22263387089190825,0.2481687009785001,0.3466657855017959
434,-0.3707006297442281,-0.07196544026048651,0.05854347209546029,0.07680216934491112,0.05561535176644298
435,-0.3550328611635121,-0.363741527958002,-0.35679789504969545,-0.3815592176981268,-0.5685423619006793
436,0.22860277803297216,-0.10761527707505039,-0.042781088247694644,0.07146634087475381,0.06369408431470806
437,-0.47853549343435364,-0.3574140723869663,-0.3785378649238149,-0.32069935307071856,-0.4697346554991905
438,-0.3361692354071037,-0.35307974873003256,-0.537080422096458,-0.3197887980898858,-0.23329371639753996
439,-0.29152679354211464,-0.2812767972571975,-0.3876071835448907,-0.2817352923383333,-0.4602431593109582
440,-0.5578537982676136,-0.54334316841225,-0.5501726219919615,-0.5567434461737089,-0.7005166306978032
441,-0.5195427162810524,-0.22876025734307345,-0.3059091257839651,-0.28706661798370425,-0.5073937805589055
442,1.0734577115105608,0.262596681841428,0.5014166170585606,0.4701908744985419,-0.08176566034442044
443,-0.5618562409800301,-0.5618832213207567,-0.5617397396653676,-0.561464051037515,-0.7210672244629025
444,-0.34345072624922673,-0.41225742947518607,-0.5521371817777359,-0.4528333330690206,-0.5432865350783176
445,-0.4166270049936665,-0.050055269097183705,0.11969782453662978,-0.20160167449514638,0.025086046923009465
446,2.4819528165205087,1.8652773065235215,1.5241322223928784,2.0344463253262512,2.311513868564197
447,-0.5560605703242912,-0.5570119162674799,-0.5552229603647177,-0.5584557927945751,-0.7228906567772464
448,-0.5603017318385511,-0.5602922065750093,-0.5605196785464513,-0.5606322365135408,-0.7224452199070236
449,-0.4990270679421542,-0.5017470087062642,-0.5021044151929889,-0.5115323101730173,-0.6666868962835184
450,-0.4964626118997919,-0.49924920213666474,-0.4692904934854673,-0.4354662691670491,-0.604753512723868
451,3.485125251576986,2.674051837312776,0.8169684620642463,2.2206461583678734,1.6532499265947758
452,-0.4284945061652059,-0.457809410179906,-0.4613252365998572,-0.4582793802123363,-0.5480065755801411
453,-0.5064345312762182,-0.5098385075894418,-0.5015915239845165,-0.49767541419940814,-0.642738410225355
454,-0.36054644165459104,-0.3936115835559202,-0.37026617608732,-0.479748005500394,-0.41216495790260194
455,-0.13158651059075915,0.05187106363295532,0.18005483630510796,0.002657739844309219,1.3882358816179967
456,-0.4359095282334548,-0.4514128232087076,-0.3612244165152205,-0.39312646594174877,-0.3454951758758465
457,5.335751542442625,1.8906643631201245,4.457508558120978,3.474334871391525,1.9706822017473178
458,-0.5518855589536442,-0.48864191806585233,-0.38840657156938085,-0.2720419460878147,-0.3530019787775776
459,-0.18505491900508442,-0.288364308306071,-0.36150760084779177,-0.4119925171657076,-0.5335329887709248
460,0.6625811029390453,0.5301161630738195,0.45797162168740735,0.41242193668220617,0.10566820862230356
461,3.8683101201108214,1.5379105840039626,3.5442697799804486,1.596194620585169,1.5608813671567359
462,-0.35798198561222877,0.24867858872490672,0.5014166170585606,0.34276894263798363,-0.13172814788258658
463,-0.10695641051065422,-0.11986011293909157,-0.07550904108472335,-0.07038321449907149,0.5712053019393311
464,1.3879013164575986,0.8954369852739572,0.48138973328145424,0.9358278542381473,0.9462939034439137
465,0.44410136002809575,0.22264821345004748,0.09433787385572842,0.18326170464790686,0.5014258834823615
466,-0.10368435693480316,0.41101990958610296,0.8708066696192659,0.6257637254151037,0.4373554394577281
467,-0.49441516942899016,-0.11095390712464605,-0.004038244825131145,-0.1733129033802849,-0.11613066113238861
468,0.05629754713811983,0.8362029855102054,1.2394608484656917,0.9657705818513959,0.40329012324382996
469,-0.5612440219778968,-0.561284648173216,-0.5600131450519172,-0.5527130646209097,-0.6727376401670153
470,-0.5423535527778649,-0.4201972027589907,-0.43555678089368777,-0.3805055859853522,-0.40520388208198754
471,0.28489178035917073,0.43769846554592573,1.0101242592571293,0.7316600061769953,0.5814041058868398
472,0.3524876873549084,0.44549944385509316,0.13969236579100988,0.36211655062132686,-0.21540098894728843
473,0.04851248688523833,-0.0952226211403443,-0.2484115154742985,-0.1620794999049674,-0.13821574063976358
474,-0.547110618736447,-0.5458238147929384,-0.5430666549162486,-0.5470902945812046,-0.6357698009739728
475,-0.020455775939289215,-0.22130181408546082,-0.4726818724831976,-0.2363718608767259,-0.25330061579983026
476,0.39226661910213695,0.7655776893484169,1.3873333407333364,1.3372542171561204,1.1584169100778827
477,-0.5627538005948568,-0.5628606294301541,-0.5629264711444214,-0.5613742728036191,-0.7072550219906137
478,-0.5501557051302687,-0.5479571840161535,-0.5506438548331953,-0.5504785042366098,-0.6686668742544021
479,-0.2731206539213834,-0.4173008340691763,-0.375875667844968,-0.3103221515112416,-0.04804136547512676
480,-0.524671628365777,-0.5239426464050113,-0.5529600519308857,-0.5079793774840468,-0.6033759641322728
481,-0.5624973549906206,-0.5621239858559939,-0.5625701699324912,-0.5601709222299094,-0.733441292147396
482,0.7672739181523873,0.4182164691622161,0.3515454818426121,0.5116615037448502,0.4430737673331424
483,-0.04437150191081341,0.8872052484202304,0.8169684620642463,0.8307207977925475,1.0981682320297057
484,-0.17542900244903378,0.05736575068540781,-0.006443078438183288,-0.0610435916157593,-0.04073194762562683
485,5.581298208498812,5.787484213965502,5.467779422889451,5.774668951986027,4.12077571471095
486,-0.15233353697607954,-0.2668018815792722,-0.3876071835448907,-0.4037343525222569,-0.49846882312470125
487,4.02975553360256,1.538666512141529,0.14105258533157936,1.1004855327323513,1.2253550121206331
488,-0.5590616250078657,-0.49201691123961006,-0.430649241630136,-0.4794366288892262,-0.5798877424968933
489,-0.5624973549906206,-0.5626855904695536,-0.5621688941809523,-0.5561067934556515,-0.6641367165557217
490,1.33876106231763,0.7160122406712006,0.2680323710299233,0.4613540762144611,0.7876415693120742
491,-0.34853933790724556,-0.3203349512728013,-0.36131317981851013,-0.15314158861971347,0.1871731737398468
492,-0.3657564546616553,-0.38626486224289036,-0.35679789504969545,-0.4295653691705729,-0.5946851700429585
493,-0.4827890797381386,-0.04106962060178672,0.21831945462227506,0.02625997866033796,0.13701221835377878
494,-0.5567273288953055,-0.5448232313688457,-0.5568807872271084,-0.5047817189704906,-0.6651549913519959
495,-0.47338250751853134,-0.2970129356133297,-0.35386581141138024,-0.3787475033603797,-0.3816428987000972
496,-0.5165537850634182,-0.43808164876563943,-0.15595306335514483,-0.33738409052687646,0.12481088517723636
497,-0.5535217588423527,-0.28378284128718806,-0.4723094985065197,-0.3691132964302853,-0.3467019781497804
498,-0.44932188336947365,-0.3916089917020454,-0.2670198343670706,-0.34516255712364113,0.17285819860625992
499,-0.31951514497679456,-0.393885036349471,-0.511643249232981,-0.4228741983044287,-0.4598327162112562
500,1.4511007777145712,0.9098995431480852,0.39894029699816463,0.7822187383998966,0.5613715153188138
501,0.41829874576744197,-0.17586889835028777,-0.12119072051798528,-0.08854121409307283,-0.28077055584291005
502,-0.38883461646746376,-0.40636079278768955,-0.3655638853833409,-0.3667013320803422,-0.4838951055646625
503,-0.5601380554316473,-0.5599511922058372,-0.5603258705824423,-0.5498770089548546,-0.6646004797161138
504,-0.49325704184683905,-0.49496486480513285,-0.4545652118660983,-0.5052535298837504,-0.43764328598581526
505,-0.46906091184050286,-0.47266512321023385,-0.4698726476597786,-0.5029875381185164,-0.6766413160057481
506,-0.5618562409800301,-0.561913746713162,-0.5617397396653676,-0.5609398439384579,-0.7310058161805327
507,-0.4990270679421542,-0.5010622277301078,-0.49607541429866575,-0.5026412163394666,-0.5814045657392208
508,2.180829496326429,0.25521126109694164,-0.2670198343670706,0.25248159317669555,0.8128176290254672
509,0.8384213082654918,0.7414854571246317,1.5122581395449064,0.81761078736653,0.653308097120298
510,0.4059790284173925,0.052990273322982916,0.05819122268757485,0.03874144029603334,0.0017789919776783514
511,-0.5374939085775884,-0.537445926955254,-0.5375173263353487,-0.5547832996306583,-0.7213926673989444
512,-0.5484089194858736,-0.36276470467407873,0.13731072020319748,-0.48889723752629183,-0.49105044109116214
513,-0.4522200456654884,-0.0887239970474441,0.002009814251680137,-0.41258727870459905,0.33341268763984677
514,-0.17712799304393945,0.2884934610206428,0.5657710510061675,0.41382970189559654,0.444753505984337
515,-0.014573689526062895,0.2551757118513019,-0.47338250751853134,0.24234151379236193,-0.033809400916755855
516,-0.3842676600464421,-0.42661212957755273,-0.511643249232981,-0.41051334086270785,-0.4941498755412543
517,-0.4874870157515239,-0.49522403977896845,-0.4862537282368646,-0.5040939211494692,-0.5379577377420051
518,-0.19155714858961487,-0.2264362377111005,-0.18325501431728036,-0.20963707706885756,0.09213366173895467
519,2.853681875244705,1.4517346260121335,3.747726736375803,1.0511827757662502,1.2531374164809461
520,-0.3425952493580551,-0.3596431494642677,-0.4322630448419985,-0.4009433335458559,-0.4336657172691296
521,-0.029358317146050392,0.588807152133484,-0.1367773842075606,0.2146898640538268,1.1660155283627887
522,3.6260816614281066,3.672714718155275,3.6046083737645715,3.5857369238383967,2.5742691026338123
523,-0.1607044151561382,-0.08223343217972368,-0.1674967605842177,0.03256108882906618,0.1048798971330584
524,-0.26384479843739544,-0.24747673840502904,-0.07550904108472335,0.0885524124243811,0.45058005395692197
525,0.48084945093481796,0.4841776804910062,0.5409318818154545,0.5259066752427105,0.5906831051479876
526,-0.5287747580335567,-0.14360722268820467,0.11969782453662978,-0.3181768729391272,-0.04904581209499738
527,-0.46536858238614925,-0.4659566647343461,-0.4714338446889114,-0.4997237855694609,-0.5871904279882295
528,-0.5629256191496951,-0.5628553646636603,-0.562948951692718,-0.5507089024488316,-0.6403437145367468
529,-0.4964024946390188,-0.05743182955903504,-0.11348363804633475,-0.012866732753799518,-0.36844021987294234
530,-0.2780937304235537,-0.3515453693617413,-0.41667073217475886,-0.31277413676775623,-0.5409914328164593
531,-0.5627187957698786,-0.5624964386259871,-0.5629888067695763,-0.5608758993655303,-0.6957126572561062
532,-0.5629934297785952,-0.5591139541734398,-0.5581717443361007,-0.5613230142466102,-0.726910885470044
533,-0.4706176841144392,-0.2820999940632784,-0.2363441122066255,-0.3025418373537706,0.06540364735540101
534,-0.17255270855192026,-0.2152023277824629,-0.19723694429907948,-0.13416754842326112,-0.2470249604470732
535,-0.5627323745646229,-0.5322895690824335,-0.430649241630136,-0.5118677728501144,-0.5690421701621998
536,-0.5374939085775884,-0.5388066951730905,-0.5386528653338599,-0.5438134760986589,-0.6559290829901774
537,0.05301033121591829,0.2591830830453987,0.5710964929273298,0.4155198797035266,0.5138470754782481
538,0.46430647838482425,1.0305657098054488,1.2394608484656917,0.5861928766241221,0.2917309454846067
539,-0.454276681711202,-0.46522789535210407,-0.4459387968609134,-0.4203098841692171,-0.30459247774877246
540,-0.5587418373393832,-0.5394126652999814,-0.5410714337460655,-0.4849840743986047,-0.4621244741124327
541,0.4754662281555124,0.3044200349688935,0.09433787385572842,0.3654426108526273,2.059864041179392
542,-0.31092308246308215,-0.33471895242700095,-0.3612244165152205,-0.3064594591447339,-0.25734821468487185
543,0.39644115604841623,0.7903248318861512,1.0101242592571293,0.8502152799239213,0.6864002542921956
544,-0.41959304202998254,-0.46624263711582176,-0.4398951780328872,-0.35234021210734673,-0.5305765737368143
545,-0.5503161887893998,-0.5416825531838046,-0.5159033257476,-0.5555589048893133,-0.6671801219185269
546,0.33959844278469076,0.17311393377788098,0.2607747301632559,0.46798505656442146,0.5289278692553759
547,-0.13136733294395855,-0.25613626083690716,-0.4674583618891637,-0.12108372653939119,0.26840068822933094
548,0.3792991265669268,0.5930540364557929,0.9101154660513885,0.6153015227432211,0.6151400449130004
549,-0.5608581033992218,-0.561250631884778,-0.5608509453612935,-0.5541028337044526,-0.6609047251365163
550,-0.36447201479713764,-0.2932524897304461,-0.20156542767862842,-0.19331699205029268,-0.31515156193513494
551,3.765150548287227,3.292748707723937,3.1067225272447803,4.395870335730315,3.277456384009281
552,-0.3329785391991965,-0.28884159867792575,-0.3876071835448907,-0.33823642021178013,-0.4433991240403606
553,-0.41916664351267885,-0.46379927836189777,-0.4398951780328872,-0.4932245373922037,-0.5577811913690893
554,-0.49686345561263345,-0.36852764423170503,-0.4459387968609134,-0.49690414655382265,-0.3298638495031296
555,0.2221609413882393,0.04903091772907525,-0.04167166090695756,-0.03401691615555707,-0.17497820933624508
556,0.06899994544109092,0.017106087376187806,-0.07615798584501468,0.12438412184861317,0.11238247219779236
557,-0.5622366395670738,-0.3522757844081661,-0.5004865255204229,-0.24193568817782793,-0.4314445744405649
558,1.6636159100168513,1.9731113046295963,1.9784702419071425,1.8044510901654,1.6105500849483443
559,-0.4465134193346806,-0.463304999130179,-0.48841976996107606,-0.4393077548978207,-0.3252857144236375
560,-0.4943775296254284,-0.44816881414481036,-0.4398951780328872,-0.4247167849136192,-0.4599421638283378
561,-0.34662674094629137,-0.38100841475047575,-0.26325650947364604,-0.38797015031893806,-0.20516803727020985
562,-0.423264714790915,-0.37599829610725194,-0.31831565180280297,-0.4115815807868315,-0.5264116794894966
563,1.8046902335567998,0.9928739325439596,0.7243514468803617,0.9095664203268972,0.6944092131325958
564,5.597967172774167,6.095763247782403,5.956361490906696,5.832261141665387,4.526803700536188
565,0.2119683698027881,-0.005213250727337808,-0.268616527741923,0.010460901964529583,-0.06780079977404423
566,-0.4990270679421542,0.07435468903848655,0.4072738863845823,0.09228304284612793,0.4776702641854748
567,0.38494441110920136,-0.08950887413252724,-0.5253127423763675,-0.1672565582639075,-0.15464361301232354
568,0.8083887968637444,0.5743781631428174,2.405219400033128,0.7119851571545883,0.2294905821032666
569,-0.4730200985906247,-0.4827072324168138,-0.4832466402430411,-0.5069864520454215,-0.6412191601611816
570,-0.23052202582189615,-0.3028566552114596,-0.5150246960924592,-0.22968327428919885,-0.12619627101817762
571,0.32672777769850003,0.3825445964464961,0.42729230913585686,0.3955790173412157,0.24024454912336465
572,-0.5630600479354357,-0.5628636356180038,-0.5629264711444214,-0.5619372797247649,-0.7115826456595591
573,0.24292300830824812,-0.35375531601536997,-0.4500302553686872,-0.25218554573136,-0.4084633461701274
574,-0.539833974716244,-0.5274318441750625,-0.5441336699396706,-0.5004780117057384,-0.38504258100567196
575,-0.5624973549906206,-0.5626245737708708,-0.5625701699324912,-0.5589240918353191,-0.7336726487720306
576,-0.4201109146943173,-0.49177570954278965,-0.47451384496110965,-0.5008096776986507,-0.4774274018264558
577,-0.5522395308211715,-0.5522849566293552,-0.5522122437266527,-0.5526330352865432,-0.6507402183578781
578,-0.2598821112047757,-0.08415149639228636,-0.10451007074914713,-0.09736088961290974,-0.3203871389145463
579,-0.3620851152800084,-0.41998634447899574,-0.4914476376811523,-0.45240378884550436,-0.2132727798666135
580,0.394016546205184,0.030696692097713037,-0.4674583618891637,0.07358579934475543,0.46243841761764903
581,-0.28125823712412823,-0.031138784035549007,0.1577616961662774,-0.16731083704134853,-0.05912088043601438
582,1.0268242772634026,-0.13286716852372837,-0.4837564169196501,-0.21703636665506193,-0.28326000051639905
583,-0.42588219096195307,-0.47469775047288804,-0.3824206490487713,-0.5020193876903639,-0.5616723605061174
584,-0.4836403316879805,-0.4602377262649451,-0.4778701590523201,-0.29438307264714647,0.1236039383943562
585,-0.5567273288953055,-0.5567608172585247,-0.5567690654173949,-0.5588113949962712,-0.7289312888359554
586,-0.5602006794482017,-0.5112023898397949,-0.5292832511999164,-0.4327778219610071,-0.13773687078134325
587,-0.37465094988758363,-0.41055867998509477,-0.4941942607743611,-0.34293853442012284,-0.29156567710179726
588,-0.07213286693004371,-0.21655673748375645,-0.11675095607934044,-0.22800585839891077,0.12710874419632934
589,0.08524615272672229,0.3293721169312505,0.05988484288411843,0.21118238741686127,0.4384964405550738
590,-0.5600354771899528,-0.5599782080697,-0.5595912725323975,-0.5562621981253637,-0.7152129960451028
591,-0.5631320578611053,-0.561268332795596,-0.5629888067695763,-0.5571530423350507,-0.7062645409105601
592,0.3411347571105491,0.17736443488992756,0.34881855981659804,0.06909487971250534,0.1332759589340584
593,1.1577822897294598,1.1882401622170513,0.6593034588490219,1.274905494344535,0.9959214013743404
594,0.2827499915505705,0.044540841911495654,0.062097663919522136,-0.05732737638597333,0.03250545045622184
595,-0.3207996617749935,-0.4784998182926214,-0.562716949361528,-0.40255728141864233,-0.16400924649681559
596,-0.5567181160869733,-0.5084932863440695,-0.5234038702878149,-0.5547768245651883,-0.693557678576184
597,-0.5628179119959159,-0.562798635252825,-0.562911478578799,-0.5601909308707982,-0.7274076597184456
598,-0.11319550126067786,-0.0033169605242162102,-0.015253013931684711,-0.05974479309628361,-0.021378098709664447
599,-0.5278967459849128,-0.5302573078955127,-0.5182604882598713,-0.5076733436860085,-0.4413576883151527
600,-0.42101401353419554,-0.160881616891549,0.11969782453662978,-0.22295587712558448,-0.14132182723998446
601,-0.20097599814252498,-0.09373994206534189,-0.004038244825131145,-0.19254159422188563,-0.08726802883467076
602,-0.551397440390541,-0.551166800922028,-0.40371580867972634,-0.3425834929222381,-0.523333239132955
603,0.6257348446550215,0.330335183504881,-0.5006473361476994,0.28886175018670657,-0.1314038411458357
604,-0.506720436069241,-0.5072903474613341,-0.5451553517914038,-0.4993360421397682,-0.5374195072440024
605,-0.4746647355397125,-0.47878559493705675,-0.4990948700228676,-0.5005978117795915,-0.5221453739331654
606,-0.4990270679421542,-0.5047101156954874,-0.49999181951086097,-0.5460506273317854,-0.6651861549494037
607,-0.4740236215291219,-0.43903951153117865,-0.4880089146118452,-0.2948233012601648,-0.4168829346509774
608,5.877226460053416,4.258779794388142,3.1067225272447803,5.1072942266016765,3.4724462049024094
609,0.04982419332862642,-0.11286511032008952,-0.2484115154742985,-0.1503567264520532,-0.1656043102493683
610,-0.56022781139313,-0.560501358169735,-0.5602613304363886,-0.5616889621580365,-0.7047855295265355
611,0.42393965791216437,0.03063060687757906,-0.297190228022029,-0.010930192942151118,0.11076305461633701
612,-0.29454060639449986,-0.03225110412635865,-0.3684283614121925,0.05524260617977118,-0.12047692330961594
613,5.180736816622974,4.883495659517383,4.545345501427949,4.4458628777641325,2.8256976084359744
614,-0.37945561856145194,-0.3965546019129886,-0.43555678089368777,-0.3843733583992344,-0.4394999605899658
615,-0.1649239967728015,-0.27215328340194367,-0.22293670357049075,-0.13852539723288432,0.19964326975644645
616,0.17196788187577947,0.30828017424818116,0.09433787385572842,0.17713905750480802,0.7285535710785925
617,1.7231602520766451,3.9525399992830508,2.930003584800273,3.838349262843687,2.5256201318246343
618,0.4740419036250239,-0.07697010389913489,-0.23012461848015137,-0.012200572707441812,-0.11948563148081832
619,2.002448876733017,1.1121658581634286,1.8558863095276885,1.0968278770280406,0.2257445948652748
620,-0.015518723633373999,-0.0610993920968311,0.008656127798950702,-0.1244321168839571,0.04448767398804502
621,-0.08719105148721007,-0.05690421384386692,-0.26360729317278636,-0.09010485143875475,0.270729153231761
622,-0.5618562409800301,-0.5618852535309931,-0.5617397396653676,-0.5616734481294562,-0.7298588251661349
623,-0.35157084550632306,-0.44977226233961937,-0.3785378649238149,-0.37729663745464154,-0.32620140737188197
624,0.9730105135538525,-0.06648806541107867,0.5014166170585606,0.17927625442728784,0.008362330930710388
625,-0.5605740129588489,-0.5605679762937806,-0.5606059895886505,-0.5613736368291508,-0.7129816088704654
626,-0.3573344604615323,-0.3710297277800488,-0.35679789504969545,-0.4234498377669645,-0.5559642982586623
627,-0.3997638280510835,-0.331543970484239,-0.44679994600829376,-0.39961734840949764,-0.5305203953492151
628,-0.5053332128065454,-0.4959504903744481,-0.49999181951086097,-0.5228705941258158,-0.6624703282584783
629,-0.19621915016270652,-0.1825754760749495,-0.027167156147494608,-0.16171965621478174,-0.465015467941617
630,0.10923775454139975,0.10355681005179543,0.37615063489433687,0.18818071170680256,0.8726610868769223
631,-0.5615997953757939,-0.561779860270409,-0.5617397396653676,-0.5626572152121242,-0.7353240040946126
632,0.1388961374511269,-0.20610541362195658,0.037667118054876894,-0.10272925639921326,0.08773619271721618
633,-0.4823581036667994,-0.4836012221986678,-0.4795882923957048,-0.5250961324049004,-0.6494324144626384
634,0.7320792400821857,0.31528465111144416,0.9101154660513885,0.6622722422935613,0.7077262604106151
635,0.01712315384717758,-0.18320743496144126,-0.20063836185998754,-0.16891845915238254,-0.3411355506136715
636,-0.45799577126435764,-0.2198308118028858,-0.3089167647084284,-0.1315115860280244,0.48433557697423485
637,0.45724222261404984,0.08610610638880697,0.5058494593739683,0.0344365069820558,0.18917358000585552
638,-0.5504145228563442,-0.31148253762186534,0.0790865985808525,-0.32614919901124,-0.35563664906746634
639,1.8659297515831363,4.610184377352823,2.770654386069753,2.882403735176578,4.518654588537506
640,-0.5093185441860192,-0.5227686298372405,-0.5517412018763357,-0.5281635503668443,-0.7120158738281387
641,-0.5251650040637671,0.724831452860045,1.8558863095276885,1.1686088827779346,0.7913833442126909
642,-0.5602855116540831,-0.5558406396784732,-0.5603258705824423,-0.5407228119496583,-0.634688747659479
643,-0.30423958430319736,-0.34431175316180984,-0.007672133104440063,-0.2977549634313954,-0.2741571447460888
644,-0.4797452371054973,-0.4724884296656727,-0.4587397253048638,-0.47502026553975074,-0.6496277900325775
645,5.660551985206906,3.4637890854925235,3.1434543799547834,3.8120382924852487,2.3016876195262697
646,0.7337896681510404,1.3666289466506294,1.9183496757334015,1.0100148849627753,0.8681719483089125
647,-0.41170984645549996,-0.26424976502301045,0.4145625961704645,-0.1281137935298469,-0.00668470392025504
648,-0.5600591086523832,-0.32287347949988493,-0.5150246960924592,-0.2588874181051974,-0.19141040371800985
649,-0.5445461626940846,-0.46362206782719667,-0.4948785441968546,-0.4860769150148922,-0.6273793689464728
650,-0.16911632463287465,0.5478253726656326,0.6220668784489474,0.6281230709091065,0.49423125045485017
651,-0.33008487111239604,-0.3679080251898041,-0.20973581347972511,-0.37103616523027894,-0.3353417080562196
652,-0.4419679209995935,-0.11756943985865292,-0.0304393084549033,-0.10740139976492559,-0.12098082935143643
653,-0.5630102461990931,-0.562731428107619,-0.562911478578799,-0.562017807176417,-0.7239741804714099
654,0.06263658756239454,-0.141051645171987,-0.07615798584501468,-0.12507156394080016,0.12115149064640916
655,-0.5073615500798316,-0.5205931911680485,-0.5318692525197186,-0.5301921268050668,-0.6740897256401213
656,-0.5182604882598713,-0.5288274883662087,-0.5345150674259576,-0.519262623562626,-0.6747613964675665
657,-0.351482339717161,-0.13576311115513634,-0.1751435079689777,-0.1371434252080765,-0.17334574859801427
658,-0.22334804338820902,-0.14172809264473463,-0.49014682681772803,-0.3442107521719121,0.682885667054627
659,-0.5446020165466873,-0.3677119908879394,-0.5568807872271084,-0.5042239675214472,-0.5706631175631836
660,-0.552611376947314,-0.29046868236616913,-0.30144391369848567,-0.30230708144623303,-0.4708930308458621
661,-0.5601957556926005,-0.5602400737476512,-0.5603258705824423,-0.5536467882673883,-0.6409939639186086
662,0.021486377057913703,0.4336987036325111,-0.3970899402582535,0.39762961098565214,0.7607977267019663
663,-0.5511432258630616,-0.5522373492592569,-0.5510092330348482,-0.5437553388683687,-0.6294999009195278
664,-0.03229606823221917,-0.1367665135184667,-0.21642624742468117,-0.18262186372594275,-0.07086679525937666
665,-0.11425467289529435,0.24507463074793268,0.5150081592864459,0.2193272358579191,0.42684670547077497
666,0.47400689238890553,0.10328796530900546,0.4072738863845823,0.4913577711177472,0.6337095522834487
667,-0.26286378501181007,-0.1355453164550473,-0.12535150098935155,-0.16459620682756884,0.049186491872271976
668,-0.5263955647068347,-0.5314266433577236,-0.5501726219919615,-0.39207804649853345,-0.5085391799949839
669,-0.5164470908697757,-0.4805962431595994,-0.4698726476597786,-0.5067099359428007,-0.6716425212144301
670,1.3268925289525337,0.8882121099919928,0.42051097804647924,1.3292151549186237,1.0315099111988053
671,-0.42978675479837264,-0.4562714123552103,-0.430649241630136,-0.4649212860431456,-0.5810968888070203
672,0.05038838006908626,0.24086399076974563,0.23806773650552374,0.03420992426210186,0.429512642521557
673,-0.5314678279575834,-0.5122220402621012,-0.38840657156938085,-0.4915871235524092,-0.4294742925783785
674,-0.4192640030863271,-0.43018548202290163,-0.44875715809324496,-0.4862237054334295,-0.6146211069600522
675,0.3007499726233125,0.4636744730015389,0.35546690569528205,0.5103484311029673,0.38907634180164186
676,-0.1944979129116334,-0.3336668717535304,-0.27743750279127743,-0.3317541360524557,-0.29666561303822425
677,0.23961900161010918,-0.0835240656543635,0.1618434382706637,-0.08414710810591869,-0.20755482036444559
678,-0.5439050486834941,-0.40255611112048956,-0.44875715809324496,-0.48643339937524865,-0.5975405322228993
679,-0.4340255698353536,-0.4792189327298111,-0.4958553572571473,-0.4382837177250383,-0.5234084803296993
680,-0.5555609501758381,-0.5563643146213212,-0.5552229603647177,-0.5622748862265816,-0.7298223092148899
681,0.7408126810575137,0.4627252788656926,0.5946999476510317,0.4470839860170612,0.5604294255877975
682,-0.3679320750565944,-0.4753012439555433,-0.42405716376370545,-0.42038827262711426,-0.6648425353557887
683,0.586888849193724,0.3626143315838657,0.5946999476510317,0.3523261751693182,0.4434112361583807
684,0.46336629751057345,-0.17003141118280138,-0.40122055448366717,-0.26645615411857737,0.21345135435001258
685,-0.5571946561310452,-0.5542023901155271,-0.54612346343864,-0.5372290607539583,-0.6681724085969307
686,-0.08899464624408364,-0.17360097057947166,-0.26535466955794845,-0.18291994817057422,-0.09011347703967866
687,-0.5624973549906206,-0.5626380301648336,-0.5624622806294304,-0.5600548517125349,-0.7312366701988504
688,0.39959760394587773,0.8674820087280488,1.25941490749175,0.7546162648825134,0.9482708744909875
689,-0.23695796421773146,-0.17821921706666302,-0.49261592783624847,0.039536904203845535,0.13331312876709162
690,-0.4592779992855388,-0.43340003412473876,-0.46272959149743903,-0.3458037055926017,0.005250389052081461
691,-0.37432450104453097,0.05014316698960917,0.8853524373923277,0.06394771830688319,0.086965720188856
692,-0.47145916548675965,-0.38978211937126445,-0.36131317981851013,-0.3280706313584213,-0.21900505375620757
693,-0.5181147758675443,-0.518580295601242,-0.5161559747357239,-0.5163964353770573,-0.612228641287307
694,0.1506830057135543,0.010241281228464823,-0.12535150098935155,-0.05886377393517723,0.2931917682163454
695,-0.4746534839888267,-0.4692505169971095,-0.48603795063136673,-0.41135315388314575,-0.2972193300352775
696,-0.06991059266855394,0.17253968751897414,0.385042076280528,0.20930197476621215,1.0353093992627935
697,-0.556190825457823,-0.5551615639551075,-0.5382697014083837,-0.5181904865387085,-0.587598419172539
698,0.016428596572664194,-0.07125525265417655,-0.1674967605842177,-0.031045402894832923,0.12961985692347558
699,-0.02640174295253075,-0.08128476836270088,-0.07615798584501468,-0.11090369356392386,0.11190694410640807
700,-0.5525100809336407,-0.5109920290423511,-0.5020990725762341,-0.5223858338331758,-0.6834255302596006
701,0.48649383150633746,0.5352070389947923,1.0542442554831337,0.21942077305437901,0.24463795460920193
702,-0.2947442562599639,0.4102594476825863,-0.14474106737197945,0.47647175267650566,0.7251303658762125
703,-0.31547947332520926,-0.2279952534032383,-0.25475313287160345,-0.13240016575722244,0.14597696495548979
704,1.8210124513195267,1.6991231875852493,1.9388498514267685,1.9215175745637163,1.8680001906733408
705,-0.5298005404505015,-0.4455005512346721,-0.41758940046838433,-0.3163373110420622,-0.16084542458181034
706,-0.5050855953422351,-0.506918142053323,-0.5070116621085518,-0.5107946266477797,-0.6852268661929786
707,1.649611421980651,3.3812099981882744,2.287444867138356,3.334902043402381,2.206866101024929
708,-0.29756297170778634,-0.3138958659255695,-0.2867756348080262,-0.3422596277891955,-0.5812664371093859
709,0.16887661603977489,0.13274212432542806,0.14105258533157936,0.30821348564627493,0.57589236500356
710,-0.34515970540041735,-0.1106167706545912,-0.10451007074914713,-0.11459628886480533,-0.30949673996428273
711,-0.5618470345828379,-0.561845312449095,-0.5622772584137381,-0.5495849331485445,-0.6905007228415754
712,-0.41242816341524585,-0.42630351009964007,-0.4320342697184594,-0.4174179495310614,-0.6346808589891115
713,-0.3490063894639608,0.052921746313287346,0.3268271888369823,0.24289035489540634,1.092397482329794
714,1.6339299784380892,2.1527855720714757,3.5442697799804486,2.313178363309926,1.5875756453394267
715,-0.5038354230215835,-0.27382939340714774,-0.5595174079173215,-0.312985144359706,-0.4209058146846153
716,-0.5624973549906206,-0.5585304603422813,-0.5560667918778255,-0.5558430385283182,-0.6889201466924151
717,-0.3688612287698631,0.42486831729447533,-0.14474106737197945,0.4367832211230832,0.9176594676755582
718,-0.47081805147616906,-0.4153681520133532,-0.5521371817777359,-0.468348854876834,-0.4449955167351505
719,-0.5626929139972711,-0.5627920602991016,-0.562948951692718,-0.5547118203149949,-0.6660147915045846
720,-0.46582183716935655,-0.46767304967296863,-0.4616838693662414,-0.4349602863625605,-0.5937359672159506
721,-0.558375645838814,-0.558573523783574,-0.5591648209629095,-0.5548702822904048,-0.6633159257709709
722,-0.5624973549906206,-0.5626544362343198,-0.5625701699324912,-0.5626128436364509,-0.7354223209153601
723,-0.4837905895786426,-0.46331268991426006,-0.5004865255204229,-0.4434312060523689,-0.37846051678198706
724,-0.5163371462280996,-0.5173791586738171,-0.5184812879251187,-0.5336702011572763,-0.6637767754619188
725,-0.04208737938072196,-0.23310327420558238,0.11969782453662978,-0.34563092684367447,0.08703374903792059
726,0.5740146900361756,0.4260020529354418,0.5437364204007485,0.16752006759036522,0.191905562706801
727,-0.3853696196301254,-0.3487701579793221,-0.3817655221176636,-0.3542181753787011,-0.45753619348790114
728,-0.524671628365777,-0.5286681116555332,-0.5501726219919615,-0.5545275761751696,-0.6988746998319183
729,0.9059583161170764,0.49139393802529213,0.4012035432532862,0.40230622588846254,1.19484167218266
730,-0.532875509168357,-0.5336704673058248,-0.5324061457545195,-0.5384632802230042,-0.6306634047788311
731,0.6119794742899163,0.04044339995077229,-0.003569788160209371,0.09451709499972429,-0.050833137539459325
732,-0.5581922808206451,-0.5571192895820836,-0.5580319959068573,-0.5308778070011466,-0.6236310794998968
733,-0.1146167035659347,-0.06648789906603475,-0.40122055448366717,-0.05130407823447515,0.2925190801326986
734,-0.562330665347867,-0.43175221879852477,-0.5584910495662904,-0.37166793992296926,-0.6065635900680422
735,0.1780100288128898,0.5255258861386757,0.7144205544501969,0.47492522453140995,0.00317039512561382
736,-0.5626169868649968,-0.5254296330262218,-0.5529600519308857,-0.5374655211542572,-0.590865209908959
737,-0.2797660763201792,-0.3236031395247337,-0.37319864927871965,-0.33122716190553947,-0.45787955748841336
738,1.7566197422549028,1.7011258392027029,1.9388498514267685,1.9201964408698926,2.040962657345938
739,-0.5477420519254776,-0.5538273026258409,-0.5517213584360368,-0.5479181799850638,-0.6482338100367525
740,0.022541625074785392,-0.13479801967814567,-0.2484115154742985,-0.14762819696160956,-0.13997317872525386
741,-0.4419679209995935,-0.4505120401997902,-0.47393074847131966,-0.4865673481362096,-0.5263195479538835
742,-0.5297300948430178,-0.39549848817849786,-0.3817655221176636,-0.39443411830262626,-0.4586626470564577
743,1.4788283944922842,3.2620435202368028,2.930003584800273,3.385827714606017,2.204659123195532
744,-0.09654210323350022,0.020707653342363283,0.5437364204007485,0.3075093316378252,0.5807529929162178
745,3.6362302590035713,5.212120335462178,3.1067225272447803,4.331138414912098,2.8716108281472983
746,-0.15154327420206518,-0.1921411602763714,-0.1243654052087703,-0.21424150751143647,-0.2612730190769391
747,-0.0106566047330166,1.0435825017588303,-0.16255763534300155,2.108655684598863,2.140649079906329
748,-0.4303604684930298,-0.29867822539953764,-0.3059091257839651,-0.394544677589806,-0.5900675490595809
749,-0.4251661243123844,-0.3111070277797212,-0.37319864927871965,-0.3298797479995849,-0.4596479147467611
750,-0.4500074906923992,-0.4467241608186615,-0.4823581036667994,-0.4527296972302126,-0.5100224490000363
751,-0.4762599938877046,-0.39841798519034394,-0.28638027005551914,-0.5216793688907402,-0.5506337997513766
752,-0.4848839133566032,0.18772450699913293,1.2394608484656917,0.46866372101273507,0.2867586988966943
753,4.3594660698286125,3.6128350262819544,2.930003584800273,3.269190544736055,2.204027599872333
754,-0.5422151683186789,-0.54081493184431,-0.5118493481539655,-0.5323700171220173,-0.6132328054076729
755,-0.5279842708696386,-0.4839663101873562,-0.45146429680629563,-0.48233754112526533,-0.5999388039410444
756,0.17355813953448904,-0.04851643758942736,-0.268616527741923,-0.08486194218172514,-0.19284680437557006
757,-0.3567510467118949,-0.25472508864280846,-0.3684283614121925,-0.3620291694295849,-0.013335572342255613
758,0.054060783699990726,0.22522466147227768,0.05357296218637908,0.22295084951934066,0.6858154803834853
759,-0.47979364762443705,-0.4887738060506725,-0.4795882923957048,-0.494645638459661,-0.634770706853863
760,-0.5624973549906206,-0.5626271965435713,-0.5624622806294304,-0.5624973549906206,-0.7264053432156732
761,-0.006231167818692774,-0.141783925076842,-0.20063836185998754,-0.11644979446855039,-0.3416312180582782
762,-0.5336472245140449,-0.5331813618569773,-0.5324061457545195,-0.543178347231399,-0.6658109559325924
763,3.7832644681419314,1.5148394002112693,0.7276273283647947,1.2516559140494297,1.3667380554305635
764,-0.41568224656538005,-0.43120265544016917,-0.3686984691559945,-0.4351361428868862,-0.11467683652411152
765,-0.3666184965602953,-0.39146674206158805,-0.37127208671756806,-0.3278551585714906,-0.4918012303678822
766,0.12715127497867348,0.38343920115082,0.5657710510061675,0.30937336056334114,0.25580088006105267
767,-0.5310827684716827,-0.5362152094563595,-0.5293456615118007,-0.557534216637601,-0.7105105774635272
768,0.44589288901929003,0.07038848885370125,0.5150081592864459,0.2150665184892056,0.36416914123615723
769,-0.5531819684167396,-0.5463513279370041,-0.5552317082127459,-0.5191505160915234,-0.566252593811796
770,-0.045759462454621085,-0.18672609885423255,-0.2989994966378963,-0.1942839285225126,-0.14205646288005327
771,-0.48915002061701507,-0.4960888010728185,-0.4878006775756353,-0.49406331304931533,-0.574311475596174
772,-0.39003768614175727,-0.45725344888266883,-0.5309451084713287,-0.4783087353777086,-0.7070831643166593
773,0.7986158728650652,0.0640389748703927,-0.0977537522954834,0.12103704063505731,0.5966476177561839
774,-0.5299349371805416,-0.53081912709744,-0.5293456615118007,-0.535539707556486,-0.7054570464742528
775,0.8788571831282325,0.15258195271610916,0.5657710510061675,0.42446113840016264,0.34886057828832556
776,-0.26701067712195264,0.087870795366338,0.5426560361352759,0.25787630578972015,0.028818843418867274
777,-0.5516961033523746,-0.4706767406389546,-0.48841976996107606,-0.44660956791464235,-0.403157691341371
778,-0.537251682882107,-0.5377083291400092,-0.5379939283537749,-0.5474343945498747,-0.6615732220590926
779,-0.5606931319420166,-0.555919871863531,-0.5480120250353372,-0.5598273850127138,-0.7144747771368312
780,-0.17398226457273513,-0.18647250816167293,-0.20973581347972511,-0.18154508000334083,-0.2983879927605831
781,-0.12397537174667064,-0.15332474446475622,-0.0960085732827988,-0.22438229260409606,-0.39940618185169896
782,-0.4659699473280832,-0.4811202838442681,-0.45665809604003205,-0.4399110402806745,-0.41898438378610026
783,-0.5359863225705446,-0.5371808323595694,-0.5586698017691533,-0.5494243768365606,-0.6886743359284107
784,11.265634210452747,8.32736732315523,8.69321276631309,7.366647314351285,5.370028159213027
785,2.1005935265429696,1.7051848295492495,1.9134467659541203,1.287796762522408,1.3695204255988445
786,-0.5060793220586505,-0.5169882335285619,-0.5067479847382762,-0.5080846007920912,-0.5610220406778754
787,-0.47123861585597643,-0.15134682839995978,-0.1243654052087703,-0.2029937940914414,-0.29200636601771957
788,-0.5624221459060382,-0.5610209673061998,-0.5621688941809523,-0.5551294838652935,-0.6665352183415476
789,-0.5627217448943272,-0.5621570336936863,-0.562948951692718,-0.5498060828338239,-0.6223263233215359
790,-0.46914469903054695,0.47602247167930334,0.8065097173432636,0.4118133396608661,0.2770665109077212
791,1.2100093860187595,1.3226221920065484,0.9854921923308275,1.155798161526643,1.505010881417754
792,0.46018416658584776,0.10806584005889633,-0.12119072051798528,0.019361382360866358,-0.29491567633002974
793,-0.07275748507714175,-0.19872287680863837,-0.0684799788096216,-0.2864250902251215,-0.2198020463116512
794,-0.13286977721663745,0.5887260213352312,0.42743388313724556,0.5016714723848161,0.9660293536602804
795,-0.3098041077135578,-0.3489217692538751,-0.4579209147924811,-0.40071038077150795,-0.15008619846750978
796,-0.3175429051794351,-0.19833560509473297,-0.20973581347972511,-0.046251111874000835,0.5570172727951453
797,0.04736950241601741,0.5262186499533776,0.38611303885661796,0.5708930668040832,0.2800018497628723
798,-0.07405761941263869,0.3800722311746203,0.14611494497364957,0.4294486298437009,0.372496579898321
799,-0.18936900082690886,0.36762011581019943,0.09433787385572842,0.3900536122225561,0.5763171910785596
800,-0.05301900796416165,-0.12659953469829213,-0.13461908885023435,-0.19679382183143426,-0.41680027702330263
801,0.8653250935395956,0.7200770994388159,0.669772621443707,0.6700887300016508,0.2788254167098234
802,-0.42980696912312655,-0.4158118754961447,-0.3342524081622029,-0.3190566717293316,-0.2882300540724296
803,-0.31608376815817163,-0.18734884557884854,-0.28638027005551914,-0.4325031297214866,-0.4268666052854381
804,-0.3563443239835762,0.18788380815552688,-0.30742018937657783,-0.0881305192826452,0.19829523689826647
805,-0.47908555002202,-0.4741387198079027,-0.4678400768969759,-0.4608987267287664,-0.5286307642585754
806,-0.37829795899252855,-0.4130938014231508,-0.375875667844968,-0.39981362707787105,-0.21834564016723298
807,-0.20734863935209466,-0.2769543182736554,-0.20385742415729324,-0.28121988050787067,-0.11949662022911527
808,-0.21244843203845823,-0.3186772001848965,-0.23819855402097148,-0.28861581841868456,0.2305411913323143
809,6.83085823321461,5.210112987481579,7.229217622853973,5.824483018515632,4.2522581658606775
810,-0.20180674085516795,-0.25841062956529415,-0.27986795147350874,-0.2607952321236613,-0.026281122391800842
811,-0.35667392069642084,-0.3973712065914095,-0.4322630448419985,-0.2952479114199474,-0.21875049002536393
812,-0.5310721580348073,-0.4483403408634829,-0.4500302553686872,-0.4478352973279729,-0.5207734494822696
813,0.7984949395292477,-0.17172949639650117,-0.17505243772377332,-0.037277206943567225,0.3990605930853894
814,-0.319753806078377,-0.31215654542126203,-0.4176055885971518,-0.29697043468839956,0.12343118301510941
815,-0.4252989567242386,0.28677376940248783,-0.30213988142382237,-0.05013832556377634,1.4087390758464398
816,-0.5603123038085857,-0.5603210913025033,-0.5603258705824423,-0.5526443963295713,-0.6773937934833589
817,-0.5629910127787754,-0.5489690773171167,-0.5425810896354865,-0.5292622115604297,-0.5687819924844671
818,-0.4566765958427462,-0.4633619052348884,-0.47393074847131966,-0.4895900998829633,-0.47929714813395435
819,-0.5628499676964455,-0.5623939669508272,-0.5627951043649891,-0.5557865846407896,-0.6712344921861851
820,-0.5330061105034544,-0.439969817692217,0.006074907541088652,-0.28559525071863806,0.07560637355180781
821,2.766243297286986,1.2801835885686317,1.153965449523109,2.266321084907198,1.6813573726166124
822,-0.23180945968884326,-0.3440243445888602,-0.3269621297840414,-0.2570953109437917,0.002028310153675018
823,-0.5438332759700084,-0.5356802568297836,-0.5495019739959498,-0.5342275556005538,-0.6614338637775701
824,-0.5548284517741779,-0.5462126547722987,-0.553888351497117,-0.5192129890516461,-0.6302761619420114
825,-0.44132680698900284,0.05182469573958324,-0.015253013931684711,-0.07799203084991836,0.043324867043442974
826,-0.5577851670127799,-0.5577225973726555,-0.5580319959068573,-0.5505918608658303,-0.6479518540155591
827,4.729467743018375,4.946674224304305,3.1067225272447803,4.7935210216613715,3.254285605322618
828,-0.24827967220977493,1.1180946768754914,1.9183496757334015,0.872292412548226,0.9832452594398404
829,0.25817757249799844,0.19562475432569595,-0.0977537522954834,0.4478934920490263,0.4486527503610646
830,-0.20709929729109577,-0.34342086178021797,-0.47893919972125243,-0.26238869451523533,-0.1802905808438782
831,-0.536904083687845,-0.5124772810230668,-0.4424881392253298,-0.4512350286130224,-0.3845554931512876
832,-0.02074523891507089,-0.10574669310488295,-0.26535466955794845,-0.10034566076361026,-0.07908212875118144
833,3.2774291104355697,3.214233693045289,4.106695830101494,3.438383275970689,2.481078935031662
834,0.5770286759893437,0.25617863239640337,0.09433787385572842,0.39723367149175415,0.5367349510215077
835,-0.1791111766574597,-0.19985328428786805,-0.25475313287160345,-0.1995026839973907,0.2245462580689261
836,-0.49325704184683905,-0.24517011131997432,-0.376001047153803,-0.3228435601190261,-0.39859944594288693
837,-0.5156177137299752,-0.5175850396604593,-0.5015915239845165,-0.4971587974660903,-0.6627948317133923
838,-0.509913183841982,-0.5174705851468105,-0.5076821070851268,-0.5320332506934725,-0.5721501071470847
839,-0.2666681170838138,-0.47452361249257635,-0.5584910495662904,-0.4609935843696226,-0.6127303237549186
840,-0.5376413648000242,-0.5270455368481308,-0.47534898095330413,-0.49313903067948145,-0.5649078849803137
841,0.9416231423246642,0.7253954735535796,-0.1367773842075606,0.5684901733362767,0.11906180554388178
842,0.003115780797929617,-0.1965026983488492,-0.07615798584501468,-0.23097980260186549,0.8382126276193129
843,-0.5630743576001521,-0.5628401096490111,-0.5629888067695763,-0.5578601487143998,-0.6803836423600109
844,-0.48849834745867016,-0.49089132318340684,-0.4862537282368646,-0.5075824564179883,-0.6582379112975365
845,-0.4047833083853404,-0.42305224633831834,-0.454610237303062,-0.46064056433450845,-0.4811451885770656
846,-0.4394034649572312,-0.43020761536751023,-0.45681589892672164,-0.3758676396964166,-0.1503187230754086
847,2.050757394433626,2.9080551510760193,0.8169684620642463,3.2158058089130885,1.9044259251977773
848,-0.5563041936483157,-0.5123155789224845,-0.37319864927871965,-0.5011392836149466,-0.571757197252444
849,-0.019648542877414518,-0.2465351598175547,-0.25108601095162286,-0.2078108341085168,-0.2770680656174851
850,-0.5620177055435973,-0.5594404566966564,-0.5591697040077711,-0.5540313492524085,-0.6920877827720849
851,0.004181030193366454,-0.19750044125453012,-0.13461908885023435,-0.22178928000712092,-0.4476745662257689
852,-0.23521730121213744,-0.12359446011882513,-0.004038244825131145,-0.14557191752581905,-0.02281263206740543
853,-0.5482966796560395,-0.5494735510197641,-0.550782643194208,-0.5332601319461789,-0.5466898362168637
854,0.04591984105983037,1.0602339854836842,1.9183496757334015,0.6081666784014628,1.1467824199613081
855,-0.543571669397987,-0.5323083583636891,0.4145625961704645,-0.4476441318238725,-0.41666919140840103
856,-0.559028287079315,-0.5591278998609713,-0.5591648209629095,-0.5606819439157338,-0.6773440354498419
857,1.664310723736969,1.404527136484775,0.5323837914799743,1.4491623402335774,1.2641557822320901
858,1.069784250041539,0.6540099692972965,1.8558863095276885,0.15250031704070557,0.698648628758217
859,-0.5496330369331348,0.2850017302563795,0.6639399742626443,0.46279589909933583,0.18024887721073118
860,-0.2191601328036689,-0.31768670393192244,-0.31805916315234034,-0.18446386103987572,0.2359440998820163
861,1.0825852965573195,1.5168093397396414,2.4085364149345425,1.8378378458231965,1.389521719158437
862,-0.5628036792648807,-0.4614406974667286,0.050230584814706325,-0.4387208625365192,-0.07326342537461301
863,-0.4087325706905782,-0.4212787434951467,-0.4468872432975458,-0.4500703328314106,-0.5685475829431875
864,-0.44773794709490855,-0.467923391701929,-0.48841976996107606,-0.3996061890148179,-0.24395466319584153
865,-0.4041838090851772,-0.04135141389860392,0.35720786361332096,-0.16837990004562173,-0.17940413378783268
866,0.3392462788586733,0.1863328915140371,0.006074907541088652,0.061177491514901185,0.2553660980942988
867,0.15370042162667907,-0.03954093401962524,-0.006443078438183288,-0.09354479444210884,0.11424180821380776
868,-0.46709955815904325,-0.46988039124087083,-0.4587397253048638,-0.4779282210079782,-0.6524312297130761
869,0.03254088796376335,-0.1350037306289865,-0.08410702895729705,0.03156845645038841,0.9596029602138618
870,0.3883520731205725,0.10592305175355379,-0.1674967605842177,0.09105903873848137,0.2549881757273877
871,-0.5628303496077213,0.08380483643105405,0.050230584814706325,-0.2073807947655987,-0.4295241946264284
872,-0.5523952830589044,-0.45598322822553494,-0.4715723211937517,-0.2194548847570835,-0.37370849879255497
873,-0.4874477859852159,-0.5110691154960701,-0.49227510040872335,-0.46547632195603955,-0.5925227885961322
874,-0.3660014115028218,-0.3953165595046784,-0.35679789504969545,-0.41966983760876186,-0.5261337773860651
875,-0.4443067626104888,-0.4709629244151814,-0.48841976996107606,-0.42350225713359735,-0.37596577416380966
876,0.6707036007291208,0.06553230370392982,-0.17505243772377332,-0.03767667265542537,0.16110407438044597
877,-0.2868183304366755,-0.36977203915161844,-0.28663832699296865,-0.34381235583897174,-0.4717004772789019
878,-0.2820223552687907,-0.08229197800594541,-0.1419976139006453,0.02109028600395574,-0.21032330540128139
879,-0.5302493202579149,-0.5395775674235009,-0.5501726219919615,-0.5484811161267721,-0.691301075588366
880,0.33740017183175747,0.2014658917826537,0.1841204915767406,0.23676254552477374,0.5439698574419254
881,-0.5535217588423527,-0.5492843467514235,-0.54612346343864,-0.5340466574728521,-0.621508939917568
882,-0.5567273288953055,-0.5567493683936623,-0.5575115523753402,-0.5603394647852528,-0.7057653789700121
883,-0.1939306231793623,-0.3667743586529136,-0.376001047153803,-0.2950541089825689,-0.402145974840119
884,-0.5626832780536919,-0.5627997313486205,-0.5622772584137381,-0.5469963832756924,-0.7000588014431156
885,-0.5248829523659478,0.4086711852027336,0.8065097173432636,-0.11819145688536647,0.9890998286020772
886,-0.40927110645947434,-0.4667861012568572,-0.5309451084713287,-0.5388164369907625,-0.6918628755326477
887,-0.5569260742385885,-0.36895308018043366,-0.3551976509717476,-0.3954086289246418,-0.5220883327453043
888,-0.45459219956037406,-0.06276921596206533,-0.004038244825131145,-0.02564753213389308,-0.010908398334651032
889,-0.5567273288953055,-0.5565893858774555,-0.5560667918778255,-0.5572875524748667,-0.7185305858241363
890,-0.5624973549906206,-0.5626457995708831,-0.5625396326129349,-0.551633053875067,-0.7130787708117166
891,-0.08293549055227238,0.4728619969190979,-0.3970899402582535,0.4502458310232329,0.8489517081467248
892,0.14208694264841598,-0.11870142534385235,-0.09521139737640821,-0.26221759991195076,-0.30647069983051595
893,-0.5302553595518947,-0.4800649857094528,-0.5310827684716827,-0.4579517028008057,-0.02645205773340435
894,-0.40285996635356863,-0.43334277999586845,-0.45665809604003205,-0.4762660371118904,-0.4318160500642582
895,-0.5629140790975045,-0.5628322279911591,-0.5630156315567821,-0.5627829547419491,-0.7353511804054476
896,-0.4206681389366221,-0.4084244719623302,-0.47451384496110965,-0.4662064238296208,-0.4273471899504281
897,-0.1698291472455497,-0.21948152168644836,-0.22293670357049075,-0.014293015230986078,0.3933850948974961
898,-0.23068960020198429,-0.29802178273762236,-0.2483948047460248,-0.25149706822635937,-0.0966695824799579
899,-0.46836466202500154,-0.4205608173488091,-0.4715723211937517,-0.36696591194131367,0.5393654829192568
900,-0.5630166573391989,-0.5503523860438488,-0.5292924841575462,-0.5474461426012435,-0.6509060760754756
901,0.23134520732467423,-0.22474547408351275,-0.14897913230556808,-0.295089421922155,-0.03279225385420094
902,3.890766343626096,2.769823089867357,2.930003584800273,2.7115502956990873,2.2308981777419605
903,-0.2108069557814426,-0.27523807521310617,-0.25108601095162286,-0.22406965482615748,-0.27788427400961785
904,-0.08524114169083945,-0.12999140440797205,-0.2510762243462512,-0.25800142703921386,0.002393693719371942
905,6.852825793219872,2.159613378648113,3.9266774024917317,3.5320846508170445,2.6188258546057823
906,-0.33385298665394153,-0.3185162107290175,-0.34178186320446374,-0.3183277091305412,-0.48702500008046756
907,-0.4002606016533297,-0.07478005966508798,0.13969236579100988,-0.1262207340397922,-0.17871093160888127
908,2.3712170145107025,0.8322882899246884,1.705979082584809,0.968506271930763,1.3060801103923032
909,-0.5619323668576476,-0.5013649285455005,-0.5004865255204229,-0.46732133528842884,-0.48451350715032326
910,-0.1507643142680575,1.1433692672697087,2.5937844779141868,1.2203879492458003,1.4584931540758939
911,1.3616658412504146,0.5903819593292069,0.7029661160902791,0.44333868149243155,0.5389358023368063
912,-0.24899260381183183,-0.34311093368656687,-0.18325501431728036,-0.2282134373882913,0.06855534578576562
913,-0.3737419143319672,-0.14377990719573738,-0.2014809065656884,-0.1508492150888353,0.0711893685256077
914,1.7039953347909595,1.3287555575105896,1.3049271471321222,1.5599946519200474,1.8921382019844264
915,-0.5535217588423527,-0.5459230618957637,-0.5411449225080528,-0.5412174383615066,-0.5355876584544508
916,0.9097334198013373,0.2362318441205432,-0.24190894793109685,0.40490989271401767,0.0442860572462179
917,-0.4945635680890216,-0.470457961815594,-0.4715723211937517,-0.3726339541438838,-0.15262443275255147
918,-0.3581102084143469,-0.37092438803843997,-0.360041384859328,-0.22588866668845714,-0.3830333590930932
919,-0.49125488125860534,-0.49309952714914024,-0.49484381184533094,-0.4871579412350448,-0.5953040722315903
920,-0.3274993608859259,0.2778180291267882,0.1841204915767406,0.09546335507525094,0.734962771717318
921,0.11117602170733806,0.05068500008906942,0.19163750975516236,0.006276135340608947,0.40786644771035435
922,0.08652134772720714,-0.046912847868700557,-0.30616714614738677,0.26307104629956274,-0.07718881688307329
923,-0.4904296264818929,0.008084142852195175,0.037667118054876894,-0.06633044674375756,0.11153756429112652
924,-0.23676385412874495,-0.1091793632708268,-0.25755430316600264,-0.14203402937411527,-0.24964119215829114
925,-0.4630699001568773,-0.482717475268997,-0.5298005404505015,-0.4998651025616121,-0.46141469247217587
926,0.2650643422660811,-0.02148657449636437,0.1971098185318095,0.11444359874328684,0.678690800561145
927,-0.5400583646199506,-0.531649085286958,-0.5324061457545195,-0.5195960693635353,-0.6671074199808105
928,-0.561728018177912,-0.5617512325381693,-0.5617397396653676,-0.5605091152705951,-0.7232582821627342
929,0.32352220764554723,0.054544909575999716,-0.174685810265677,0.18165920892881174,0.03273204253560162
930,-0.5515984168105809,-0.5368932792314766,-0.5451553517914038,-0.46235719507256473,-0.5401489488952379
931,-0.48620478773034276,-0.3715963493890918,-0.4579209147924811,-0.40106972082791637,-0.17223594689874122
932,-0.4996546223914208,-0.44609696706547985,-0.4418367811287271,-0.42049987713052117,-0.4693465871220766
933,-0.2763896878502446,-0.3074482871277071,-0.37319864927871965,-0.25812013269170636,-0.3915329808802787
